CREATE DATABASE  IF NOT EXISTS `Twitch` /*!40100 DEFAULT CHARACTER SET utf8mb4 COLLATE utf8mb4_0900_ai_ci */ /*!80016 DEFAULT ENCRYPTION='N' */;
USE `Twitch`;
-- MySQL dump 10.13  Distrib 8.0.33, for Linux (x86_64)
--
-- Host: localhost    Database: Twitch
-- ------------------------------------------------------
-- Server version	8.0.33-0ubuntu0.20.04.2

/*!40101 SET @OLD_CHARACTER_SET_CLIENT=@@CHARACTER_SET_CLIENT */;
/*!40101 SET @OLD_CHARACTER_SET_RESULTS=@@CHARACTER_SET_RESULTS */;
/*!40101 SET @OLD_COLLATION_CONNECTION=@@COLLATION_CONNECTION */;
/*!50503 SET NAMES utf8 */;
/*!40103 SET @OLD_TIME_ZONE=@@TIME_ZONE */;
/*!40103 SET TIME_ZONE='+00:00' */;
/*!40014 SET @OLD_UNIQUE_CHECKS=@@UNIQUE_CHECKS, UNIQUE_CHECKS=0 */;
/*!40014 SET @OLD_FOREIGN_KEY_CHECKS=@@FOREIGN_KEY_CHECKS, FOREIGN_KEY_CHECKS=0 */;
/*!40101 SET @OLD_SQL_MODE=@@SQL_MODE, SQL_MODE='NO_AUTO_VALUE_ON_ZERO' */;
/*!40111 SET @OLD_SQL_NOTES=@@SQL_NOTES, SQL_NOTES=0 */;

--
-- Table structure for table `config`
--

DROP TABLE IF EXISTS `config`;
/*!40101 SET @saved_cs_client     = @@character_set_client */;
/*!50503 SET character_set_client = utf8mb4 */;
CREATE TABLE `config` (
  `channel` varchar(40) NOT NULL,
  PRIMARY KEY (`channel`)
) ENGINE=InnoDB DEFAULT CHARSET=utf8mb4 COLLATE=utf8mb4_0900_ai_ci;
/*!40101 SET character_set_client = @saved_cs_client */;

--
-- Dumping data for table `config`
--

LOCK TABLES `config` WRITE;
/*!40000 ALTER TABLE `config` DISABLE KEYS */;
INSERT INTO `config` VALUES ('constipatedcoder'),('ReggieTheBug'),('timeenjoyed'),('trshpuppy'),('xmetrix');
/*!40000 ALTER TABLE `config` ENABLE KEYS */;
UNLOCK TABLES;

--
-- Table structure for table `history`
--

DROP TABLE IF EXISTS `history`;
/*!40101 SET @saved_cs_client     = @@character_set_client */;
/*!50503 SET character_set_client = utf8mb4 */;
CREATE TABLE `history` (
  `id` int NOT NULL AUTO_INCREMENT,
  `author` varchar(50) DEFAULT NULL,
  `timestamp` datetime NOT NULL DEFAULT CURRENT_TIMESTAMP,
  `channel` varchar(45) DEFAULT NULL,
  `message` varchar(500) DEFAULT NULL,
  `emotes` json DEFAULT NULL,
  PRIMARY KEY (`id`)
) ENGINE=InnoDB AUTO_INCREMENT=852 DEFAULT CHARSET=utf8mb4 COLLATE=utf8mb4_0900_ai_ci;
/*!40101 SET character_set_client = @saved_cs_client */;

--
-- Dumping data for table `history`
--

LOCK TABLES `history` WRITE;
/*!40000 ALTER TABLE `history` DISABLE KEYS */;
INSERT INTO `history` VALUES (1,'raw msg','2023-07-13 18:08:58','xmetrix',NULL,NULL),(2,'aa2weaw','2023-07-13 18:09:01','xmetrix',NULL,NULL),(3,'eat my shit','2023-07-13 18:09:01','xmetrix',NULL,NULL),(4,'shit on a goat','2023-07-13 18:09:02','xmetrix',NULL,NULL),(5,'faffinaboot','2023-07-16 16:13:23','timeenjoyed','47 minutes till pencils down!\r','{}'),(6,'xmetrix','2023-07-16 16:13:36','timeenjoyed','lmao congrats @FaffinABoot  first msg logged to my db =)(\r','{}'),(7,'faffinaboot','2023-07-16 16:14:04','timeenjoyed','Drop table *\r','{}'),(8,'xmetrix','2023-07-16 16:14:10','timeenjoyed','god damnit\r','{}'),(9,'xmetrix','2023-07-16 16:14:12','timeenjoyed','lmao\r','{}'),(10,'faffinaboot','2023-07-16 16:14:43','timeenjoyed','You didn\'t let me Bobby Tables your DB did you?\r','{}'),(11,'faffinaboot','2023-07-16 16:14:57','timeenjoyed','If so timeenWave\r','{}'),(12,'xmetrix','2023-07-16 16:15:03','timeenjoyed','lol no\r','{}'),(13,'faffinaboot','2023-07-16 16:15:06','timeenjoyed','If not timeenRaid\r','{}'),(14,'xmetrix','2023-07-16 16:15:37','xmetrix','well shit\r','{}'),(15,'xmetrix','2023-07-16 16:15:40','xmetrix','um this sucks\r','{}'),(16,'xmetrix','2023-07-16 16:15:41','xmetrix','ok\r','{}'),(17,'xmetrix','2023-07-16 16:15:43','xmetrix','testing\r','{}'),(18,'xmetrix','2023-07-16 16:15:45','xmetrix','xmetriXLUL\r','{}'),(19,'xmetrix','2023-07-16 16:15:46','xmetrix','ok\r','{}'),(20,'xmetrix','2023-07-16 16:16:03','constipatedcoder','awejaiwe\r','{}'),(21,'xmetrix','2023-07-16 16:16:05','constipatedcoder','awlkepo[awe[poweprkjkrpokwe kpwao[k ek\r','{}'),(22,'xmetrix','2023-07-16 16:16:06','constipatedcoder','aapokwepawk epokawkapowke aw\r','{}'),(23,'xmetrix','2023-07-16 16:16:07','constipatedcoder','oakwpeokawpaewawekaa\r','{}'),(24,'xmetrix','2023-07-16 16:16:09','constipatedcoder','aklakasokdkads;ldaskl;a asdka;sl da\r','{}'),(25,'faffinaboot','2023-07-16 16:16:34','timeenjoyed','???? ???? ????????!\r','{}'),(26,'faffinaboot','2023-07-16 16:16:59','timeenjoyed','Say hi to baby bun for us!\r','{}'),(27,'ambivalentbunnie','2023-07-16 16:17:34','timeenjoyed','she says \"coooo\" which i think is a hi @FaffinABoot\r','{}'),(28,'floflodie','2023-07-16 16:17:38','timeenjoyed','did the community helped you a lot with your learning? like the chat\r','{}'),(29,'faffinaboot','2023-07-16 16:17:41','timeenjoyed','( \\ / ) (   •  • ) c( ‘”) ( ‘”)\r','{}'),(30,'floflodie','2023-07-16 16:17:53','timeenjoyed','sh im dumb\r','{}'),(31,'faffinaboot','2023-07-16 16:18:17','timeenjoyed','Doh, tho of I can post multiline I could fix that..\r','{}'),(32,'floflodie','2023-07-16 16:18:20','timeenjoyed','nice\r','{}'),(33,'faffinaboot','2023-07-16 16:19:28','timeenjoyed','.. ( \\ / ) (   •  • ) c( ‘”) ( ‘”)\r','{}'),(34,'faffinaboot','2023-07-16 16:19:33','timeenjoyed','Cute\r','{}'),(35,'faffinaboot','2023-07-16 16:19:50','timeenjoyed','Is that multiline for desktop viewers?\r','{}'),(36,'lunetic','2023-07-16 16:21:07','timeenjoyed','starlette vs fastapi, how come you choose starlette ?\r','{}'),(37,'ameyislive','2023-07-16 16:21:44','timeenjoyed','!codejam\r','{}'),(38,'nightbot','2023-07-16 16:21:44','timeenjoyed','Our codejam has begun and ends on July 16th. Info here: https://codejam.timeenjoyed.dev/\r','{}'),(39,'timeenjoyed','2023-07-16 16:22:02','timeenjoyed','!water\r','{}'),(40,'xmetrix','2023-07-16 16:22:18','exiled42','Kappa Kappa Kappa Kappa Kappa Kappa Kappa Kappa Kappa Kappa www\r','{}'),(41,'lunetic','2023-07-16 16:23:07','timeenjoyed','!song\r','{}'),(42,'nightbot','2023-07-16 16:23:08','timeenjoyed','Video Game Study Lounge: https://www.youtube.com/@gamechops\r','{}'),(43,'mytsypybot','2023-07-16 16:23:08','timeenjoyed','Video Game Study Lounge 2023-07-16 11:38\r','{}'),(44,'timeenjoyed','2023-07-16 16:23:12','timeenjoyed','!water\r','{}'),(45,'xmetrix','2023-07-16 16:23:16','exiled42','Kappa Kappa Kappa Kappa Kappa Kappa Kappa Kappa Kappa Kappa www\r','{}'),(46,'timeenjoyed','2023-07-16 16:23:17','timeenjoyed','!water\r','{}'),(47,'timetogrow_','2023-07-16 16:23:36','timeenjoyed','connection established with sqlite database\r','{}'),(48,'timetogrow_','2023-07-16 16:23:36','timeenjoyed','TimeEnjoyed, sorry there are no spots left\r','{}'),(49,'lunetic','2023-07-16 16:23:41','timeenjoyed','how is this song called ? I need to know!\r','{}'),(50,'shivan_si','2023-07-16 16:25:20','timeenjoyed','Hello! @TimeEnjoyed. Excited for the submissions!\r','{}'),(51,'timeenjoyed','2023-07-16 16:25:40','timeenjoyed','!water\r','{}'),(52,'timetogrow_','2023-07-16 16:25:49','timeenjoyed','connection established with sqlite database\r','{}'),(53,'timetogrow_','2023-07-16 16:25:49','timeenjoyed','TimeEnjoyed, sorry there are no spots left\r','{}'),(54,'michaelpcgamer','2023-07-16 16:25:50','timeenjoyed','so like.... u good?\r','{}'),(55,'shivan_si','2023-07-16 16:25:55','timeenjoyed','Good luck, you\'ve got this!\r','{}'),(56,'shivan_si','2023-07-16 16:26:02','timeenjoyed','Back to work, take care :)\r','{}'),(57,'michaelpcgamer','2023-07-16 16:26:11','timeenjoyed','u can always continue in the future\r','{}'),(58,'michaelpcgamer','2023-07-16 16:26:26','timeenjoyed','like all the project code doesnt disappear in 24 hours\r','{}'),(59,'ambivalentbunnie','2023-07-16 16:26:35','timeenjoyed','We plan to @michaelpcgamer\r','{}'),(60,'michaelpcgamer','2023-07-16 16:26:46','timeenjoyed','I\'m def gonna c what I can do w/ our stuff in the coming month\r','{}'),(61,'ambivalentbunnie','2023-07-16 16:26:56','timeenjoyed','And I see people using it @timeenjoyed lol\r','{}'),(62,'xmetrix','2023-07-16 16:28:30','exiled42','xmetriXLUL\r','{}'),(63,'ambivalentbunnie','2023-07-16 16:29:08','timeenjoyed','Our game\r','{}'),(64,'ambivalentbunnie','2023-07-16 16:29:16','timeenjoyed','Lol no in future\r','{}'),(65,'ambivalentbunnie','2023-07-16 16:29:22','timeenjoyed','When we refine it\r','{}'),(66,'xmetrix','2023-07-16 16:29:44','exiled42','Kappa\r','{}'),(67,'xmetrix','2023-07-16 16:31:12','timeenjoyed','someone has a question about license in #help\r','{}'),(68,'xmetrix','2023-07-16 16:31:58','timeenjoyed','delegate\r','{}'),(69,'mystypy','2023-07-16 16:32:02','timeenjoyed','I\'ll get to it\r','{}'),(70,'xmetrix','2023-07-16 16:32:04','timeenjoyed','lol assign a mod to help\r','{}'),(71,'mystypy','2023-07-16 16:32:06','timeenjoyed','Just give me 5\r','{}'),(72,'xmetrix','2023-07-16 16:32:33','timeenjoyed','#FOCUS\r','{}'),(73,'xmetrix','2023-07-16 16:32:36','timeenjoyed','its captain crunch time\r','{}'),(74,'xmetrix','2023-07-16 16:32:39','timeenjoyed','LMAO\r','{}'),(75,'faffinaboot','2023-07-16 16:33:50','timeenjoyed','Don\'t forget to stretch every so often during crunch time\r','{}'),(76,'faffinaboot','2023-07-16 16:35:21','timeenjoyed','We\'re going to fork the projects at deadline so that you can continue to work on them afterward without worrying about the \"entry\"\r','{}'),(77,'timeenjoyed','2023-07-16 16:36:18','timeenjoyed','!water\r','{}'),(78,'filmingstudio','2023-07-16 16:36:43','timeenjoyed','water drought NotLikeThis\r','{}'),(79,'timeenjoyed','2023-07-16 16:36:45','timeenjoyed','!water\r','{}'),(80,'timeenjoyed','2023-07-16 16:36:48','timeenjoyed','!water\r','{}'),(81,'timetogrow_','2023-07-16 16:36:48','timeenjoyed','timeenjoyed is drowning their plant\r','{}'),(82,'timeenjoyed','2023-07-16 16:36:52','timeenjoyed','!water\r','{}'),(83,'timetogrow_','2023-07-16 16:36:52','timeenjoyed','timeenjoyed plant is drowned T_T!\r','{}'),(84,'faffinaboot','2023-07-16 16:37:00','timeenjoyed','I\'m hoping a few of these continue to get worked on or are combined too make interesting projects in their own right.\r','{}'),(85,'filmingstudio','2023-07-16 16:37:18','timeenjoyed','yooo the plants actually do drown LUL\r','{}'),(86,'mystypy','2023-07-16 16:38:43','timeenjoyed','Ok I am done\r','{}'),(87,'mystypy','2023-07-16 16:38:45','timeenjoyed','Probs heaps of bugs\r','{}'),(88,'mystypy','2023-07-16 16:38:48','timeenjoyed','But YOLO\r','{}'),(89,'streamelements','2023-07-16 16:41:06','timeenjoyed','Thank you for following weird_divide :)\r','{}'),(90,'stderr_dk','2023-07-16 16:41:14','timeenjoyed','19 minutes! PANIC! mopMega PANIC!!!\r','{}'),(91,'xmetrix','2023-07-16 16:42:01','timeenjoyed','NOPE!\r','{}'),(92,'xmetrix','2023-07-16 16:42:18','timeenjoyed','how many days is the turn in period ?\r','{}'),(93,'xmetrix','2023-07-16 16:42:20','timeenjoyed','22 ?\r','{}'),(94,'kevburnsjr','2023-07-16 16:42:26','timeenjoyed','!codejam\r','{}'),(95,'nightbot','2023-07-16 16:42:26','timeenjoyed','Our codejam has begun and ends on July 16th. Info here: https://codejam.timeenjoyed.dev/\r','{}'),(96,'mageroth','2023-07-16 16:43:44','timeenjoyed','are you forking the repo after UTC midnight? meaning that i have now still time to push changes to it?\r','{}'),(97,'ambivalentbunnie','2023-07-16 16:43:44','timeenjoyed','@xmetrix as long as we want? :D?\r','{}'),(98,'ambivalentbunnie','2023-07-16 16:44:17','timeenjoyed','@mageroth you have 15 minutes hehe\r','{}'),(99,'therealkroden','2023-07-16 16:44:21','timeenjoyed','cmgriffing suggests maybe a \"stragglers\" category, for people that finish after the deadline :)\r','{}'),(100,'ambivalentbunnie','2023-07-16 16:44:38','timeenjoyed','@therealkroden ???\r','{}'),(101,'streamelements','2023-07-16 16:46:21','timeenjoyed','Thank you for following tayannep02 :)\r','{}'),(102,'tayannep02','2023-07-16 16:46:29','timeenjoyed','Hey\r','{}'),(103,'michaelpcgamer','2023-07-16 16:46:47','timeenjoyed','so how does the final submission work?\r','{}'),(104,'mystypy','2023-07-16 16:46:54','timeenjoyed','Ok I posted\r','{}'),(105,'stderr_dk','2023-07-16 16:47:06','timeenjoyed','PANIC!!!\r','{}'),(106,'faffinaboot','2023-07-16 16:47:12','timeenjoyed','@therealkroden I like the sound of that, lol. Deadlines aren\'t real anyway\r','{}'),(107,'therealkroden','2023-07-16 16:47:13','timeenjoyed','@MichaelPCgamer see #announcements channel, there\'s a little form to fill out and post in your team channel\r','{}'),(108,'michaelpcgamer','2023-07-16 16:47:38','timeenjoyed','wait dont u control when the EXACT final moment to submit happens?\r','{}'),(109,'ambivalentbunnie','2023-07-16 16:47:40','timeenjoyed','Lmaoooo chatgppt crunch\r','{}'),(110,'michaelpcgamer','2023-07-16 16:47:42','timeenjoyed','or is it automated?\r','{}'),(111,'masodul','2023-07-16 16:47:48','timeenjoyed','Is there any website I can start learning too coding\r','{}'),(112,'faffinaboot','2023-07-16 16:47:54','timeenjoyed','@mystypy Yolo submissions are the way.\r','{}'),(113,'therealkroden','2023-07-16 16:48:02','timeenjoyed','we have some manual work to do, we\'re going to fork all the repos submitted\r','{}'),(114,'streamelements','2023-07-16 16:48:03','timeenjoyed','Thank you for following tessmoon :)\r','{}'),(115,'ambivalentbunnie','2023-07-16 16:48:13','timeenjoyed','@masodul free code camp has some resources!\r','{}'),(116,'ambivalentbunnie','2023-07-16 16:48:26','timeenjoyed','@masodul harvardeX also\r','{}'),(117,'mystypy','2023-07-16 16:48:28','timeenjoyed','12 mins\r','{}'),(118,'faffinaboot','2023-07-16 16:48:46','timeenjoyed','Yeah, you need to link us the repo before deadline so we can fork it.\r','{}'),(119,'masodul','2023-07-16 16:48:51','timeenjoyed','Thank you @ambivalentbunnie\r','{}'),(120,'ambivalentbunnie','2023-07-16 16:48:52','timeenjoyed','Lol gonna mute you.  Lolol language and baby can hear hahaha\r','{}'),(121,'therealkroden','2023-07-16 16:48:54','timeenjoyed','you\'re going to learn so much about time estimation from this :)\r','{}'),(122,'mystypy','2023-07-16 16:49:03','timeenjoyed','time\r','{}'),(123,'mystypy','2023-07-16 16:49:05','timeenjoyed','time\r','{}'),(124,'mystypy','2023-07-16 16:49:05','timeenjoyed','time\r','{}'),(125,'mystypy','2023-07-16 16:49:05','timeenjoyed','time\r','{}'),(126,'mystypy','2023-07-16 16:49:05','timeenjoyed','v\r','{}'),(127,'mystypy','2023-07-16 16:49:11','timeenjoyed','hmm\r','{}'),(128,'stderr_dk','2023-07-16 16:49:11','timeenjoyed','ACTION runs around in circles! 10 minutes! PANIC!!!\r','{}'),(129,'faffinaboot','2023-07-16 16:49:49','timeenjoyed','If Little Bun\'s first word is \"crap\" Estha might be in trouble\r','{}'),(130,'mystypy','2023-07-16 16:49:54','timeenjoyed','7IQAG_A36J8\r','{}'),(131,'mytsypybot','2023-07-16 16:49:54','timeenjoyed','@MystyPy your song was added to the queue: Automatically Verified\r','{}'),(132,'mytsypybot','2023-07-16 16:49:55','timeenjoyed','Now playing: Time To Grow (Magic Tiles 3)\r','{}'),(133,'ambivalentbunnie','2023-07-16 16:50:05','timeenjoyed','XD lol\r','{}'),(134,'ambivalentbunnie','2023-07-16 16:50:59','timeenjoyed','It\'s showing on bottom of your stream\r','{}'),(135,'rawoke083','2023-07-16 16:51:04','timeenjoyed','Done !\r','{}'),(136,'ambivalentbunnie','2023-07-16 16:51:19','timeenjoyed','Something is showing on bottom of your screen?\r','{}'),(137,'faffinaboot','2023-07-16 16:51:23','timeenjoyed','I was too slow to play this song https://youtu.be/Xn4Ug1BDLjw\r','{}'),(138,'veganburrito86','2023-07-16 16:51:36','timeenjoyed','line 30\r','{}'),(139,'mystypy','2023-07-16 16:51:59','timeenjoyed','https://youtu.be/Xn4Ug1BDLjw\r','{}'),(140,'mytsypybot','2023-07-16 16:52:00','timeenjoyed','@MystyPy your song was added to the queue: Automatically Verified\r','{}'),(141,'mytsypybot','2023-07-16 16:52:01','timeenjoyed','Now playing: Tetris 10 Minutes Timer with Tetris Music Theme\r','{}'),(142,'veganburrito86','2023-07-16 16:52:02','timeenjoyed','you said \"help me debut this?\"\r','{}'),(143,'mystypy','2023-07-16 16:52:18','timeenjoyed','LOL\r','{}'),(144,'mystypy','2023-07-16 16:52:20','timeenjoyed','LES GO!\r','{}'),(145,'faffinaboot','2023-07-16 16:52:32','timeenjoyed','Lolol\r','{}'),(146,'faffinaboot','2023-07-16 16:52:34','timeenjoyed','Love it\r','{}'),(147,'rawoke083','2023-07-16 16:52:43','timeenjoyed','That is JS\r','{}'),(148,'veganburrito86','2023-07-16 16:53:02','timeenjoyed','try doing const json = JSON.parse(data)\r','{}'),(149,'veganburrito86','2023-07-16 16:53:05','timeenjoyed','then json.forEach\r','{}'),(150,'mystypy','2023-07-16 16:54:10','timeenjoyed','const data = JSON.parse(event.data);\r','{}'),(151,'veganburrito86','2023-07-16 16:54:31','timeenjoyed','^ that\'s a shorter way to do the same thing\r','{}'),(152,'veganburrito86','2023-07-16 16:55:05','timeenjoyed','are you still making yourself wait an entire minute to get an update lmao\r','{}'),(153,'freedomdao','2023-07-16 16:55:23','timeenjoyed','Chiptunein :D\r','{}'),(154,'therealkroden','2023-07-16 16:55:59','timeenjoyed','17 submissions\r','{}'),(155,'veganburrito86','2023-07-16 16:55:59','timeenjoyed','wait is it trying to parse our messages?\r','{}'),(156,'mystypy','2023-07-16 16:56:03','timeenjoyed','Send me\r','{}'),(157,'mystypy','2023-07-16 16:56:06','timeenjoyed','the data\r','{}'),(158,'mystypy','2023-07-16 16:56:08','timeenjoyed','output\r','{}'),(159,'rawoke083','2023-07-16 16:56:14','timeenjoyed','Pfft Just Use Your  Vetto ! Lots of time for Management! It\'s not like we landing jetbains ! a hour here or there won\'t matter !\r','{}'),(160,'jorge9372','2023-07-16 16:56:15','timeenjoyed','Hello\r','{}'),(161,'mystypy','2023-07-16 16:56:21','timeenjoyed','The data that gets sent to frontend\r','{}'),(162,'mystypy','2023-07-16 16:56:25','timeenjoyed','in discord\r','{}'),(163,'jorge9372','2023-07-16 16:56:30','timeenjoyed','I think , data is not a array\r','{}'),(164,'veganburrito86','2023-07-16 16:56:38','timeenjoyed','{\'rowid\': 1, \'username\': \'veganburrito86\'}\r','{}'),(165,'rawoke083','2023-07-16 16:56:39','timeenjoyed','@TimeEnjoyed console.log(event)\r','{}'),(166,'jorge9372','2023-07-16 16:56:48','timeenjoyed','An array\r','{}'),(167,'therealkroden','2023-07-16 16:57:10','timeenjoyed','3 minutes :)\r','{}'),(168,'veganburrito86','2023-07-16 16:57:12','timeenjoyed','test\r','{}'),(169,'mystypy','2023-07-16 16:57:18','timeenjoyed','Show me wherer you send the data\r','{}'),(170,'xmetrix','2023-07-16 16:57:28','timeenjoyed','if this tetris song speeds up\r','{}'),(171,'veganburrito86','2023-07-16 16:57:28','timeenjoyed','it\'s taking our messages\r','{}'),(172,'jorge9372','2023-07-16 16:57:29','timeenjoyed','forEach only need an array\r','{}'),(173,'xmetrix','2023-07-16 16:57:31','timeenjoyed','its gonna be epic\r','{}'),(174,'stderr_dk','2023-07-16 16:57:31','timeenjoyed','!panic\r','{}'),(175,'stderr_dk','2023-07-16 16:57:36','timeenjoyed','PANIC!!!\r','{}'),(176,'mystypy','2023-07-16 16:57:40','timeenjoyed','in bot\r','{}'),(177,'mystypy','2023-07-16 16:57:48','timeenjoyed','where you disptach\r','{}'),(178,'mystypy','2023-07-16 16:58:03','timeenjoyed','Is this on github\r','{}'),(179,'veganburrito86','2023-07-16 16:58:23','timeenjoyed','event is catching our messages from chat\r','{}'),(180,'ambivalentbunnie','2023-07-16 16:58:29','timeenjoyed','>_>\r','{}'),(181,'veganburrito86','2023-07-16 16:58:36','timeenjoyed','isn\'t it supposed to just be getting data about the plants LUL\r','{}'),(182,'10x_programmer','2023-07-16 16:58:53','timeenjoyed','1 minute left\r','{}'),(183,'rawoke083','2023-07-16 16:58:55','timeenjoyed','You fineeeee... Finish It !\r','{}'),(184,'jorge9372','2023-07-16 16:58:57','timeenjoyed','console.log(data)  to try to find the error\r','{}'),(185,'mageroth','2023-07-16 16:59:05','timeenjoyed','so what happens when i continue to work on my project after deadline, will you review and show the forked repo at deadline or the up to date version?\r','{}'),(186,'ambivalentbunnie','2023-07-16 16:59:05','timeenjoyed','Lol I think I was over ambitious with this idea\r','{}'),(187,'filmingstudio','2023-07-16 16:59:17','timeenjoyed','NotLikeThis NotLikeThis NotLikeThis\r','{}'),(188,'rawoke083','2023-07-16 16:59:47','timeenjoyed','This is where the the guys go and drag the one legged blind dude over the finish line. You can 100% finish !\r','{}'),(189,'ambivalentbunnie','2023-07-16 16:59:56','timeenjoyed','Lmaoooo yeah...that\'s how my mind works\r','{}'),(190,'mystypy','2023-07-16 17:00:01','timeenjoyed','It\'s because\r','{}'),(191,'mystypy','2023-07-16 17:00:10','timeenjoyed','overlay_endpoint is actually the event?\r','{}'),(192,'10x_programmer','2023-07-16 17:00:19','timeenjoyed','how many did submit?\r','{}'),(193,'rawoke083','2023-07-16 17:00:19','timeenjoyed','All these F-Bombs ! You surley a JS-Coder now !\r','{}'),(194,'mystypy','2023-07-16 17:00:20','timeenjoyed','and / is the overlay\r','{}'),(195,'therealkroden','2023-07-16 17:00:33','timeenjoyed','We ended up with 18 submissions we need to go through\r','{}'),(196,'ambivalentbunnie','2023-07-16 17:00:44','timeenjoyed','Whoooooo\r','{}'),(197,'10x_programmer','2023-07-16 17:00:50','timeenjoyed','nice\r','{}'),(198,'therealkroden','2023-07-16 17:01:07','timeenjoyed','7 of them were submitted in the last 20 minutes\r','{}'),(199,'ambivalentbunnie','2023-07-16 17:01:12','timeenjoyed','Congrats everyoneeeee\r','{}'),(200,'xmetrix','2023-07-16 17:01:17','timeenjoyed','wait\r','{}'),(201,'xmetrix','2023-07-16 17:01:19','timeenjoyed','i cant submit!\r','{}'),(202,'ambivalentbunnie','2023-07-16 17:01:23','timeenjoyed','I\'m sorry ?\r','{}'),(203,'ambivalentbunnie','2023-07-16 17:01:33','timeenjoyed','I\'m currently stuck under baby bunnie\r','{}'),(204,'xphoenix2933x','2023-07-16 17:01:34','timeenjoyed','TICK TOK!!!\r','{}'),(205,'mystypy','2023-07-16 17:01:35','timeenjoyed','too late\r','{}'),(206,'therealkroden','2023-07-16 17:01:38','timeenjoyed','Mysty submitted yours\r','{}'),(207,'ambivalentbunnie','2023-07-16 17:01:45','timeenjoyed','Lolol\r','{}'),(208,'rawoke083','2023-07-16 17:01:45','timeenjoyed','@TimeEnjoyed will you NOW ADMIT you a REAL CODER ?? You EVEN got an OVERDUE Project now !! JUst like REAL CODERS :D\r','{}'),(209,'xphoenix2933x','2023-07-16 17:01:47','timeenjoyed','Disqualified\r','{}'),(210,'mystypy','2023-07-16 17:01:48','timeenjoyed','Nah I submitted mine\r','{}'),(211,'ambivalentbunnie','2023-07-16 17:01:51','timeenjoyed','Mysty is GOAT\r','{}'),(212,'ryanbraganza','2023-07-16 17:01:54','timeenjoyed','DQ\r','{}'),(213,'ambivalentbunnie','2023-07-16 17:01:55','timeenjoyed','Oh hahahahahahaa\r','{}'),(214,'mystypy','2023-07-16 17:01:55','timeenjoyed','My version of this\r','{}'),(215,'mystypy','2023-07-16 17:01:57','timeenjoyed','xD\r','{}'),(216,'ambivalentbunnie','2023-07-16 17:02:05','timeenjoyed','Lmao @mystypy\r','{}'),(217,'michaelpcgamer','2023-07-16 17:02:09','timeenjoyed','I think my team submitted not sure\r','{}'),(218,'mystypy','2023-07-16 17:02:11','timeenjoyed','TOO LATE @TimeEnjoyed you can\'t enter anymore!\r','{}'),(219,'michaelpcgamer','2023-07-16 17:02:16','timeenjoyed','how do we/u check?\r','{}'),(220,'ambivalentbunnie','2023-07-16 17:02:16','timeenjoyed','Still GOAT\r','{}'),(221,'10x_programmer','2023-07-16 17:02:25','timeenjoyed','too late :-)\r','{}'),(222,'rawoke083','2023-07-16 17:02:49','timeenjoyed','Submit Now.. Send a PATCH Later (ProMove) :D\r','{}'),(223,'freedomdao','2023-07-16 17:02:56','timeenjoyed','we coded it\r','{}'),(224,'ambivalentbunnie','2023-07-16 17:02:59','timeenjoyed','@rawoke083 lmaooooo\r','{}'),(225,'freedomdao','2023-07-16 17:03:05','timeenjoyed','great work Everyone <3 yall killed it\r','{}'),(226,'directstar1','2023-07-16 17:03:17','timeenjoyed','woo\r','{}'),(227,'therealkroden','2023-07-16 17:03:18','timeenjoyed','@rawoke083 back-dated git commits ftw ;)\r','{}'),(228,'ambivalentbunnie','2023-07-16 17:03:27','timeenjoyed','I\'m so proud of you @timeenjoyed you freaking killed it\r','{}'),(229,'streamelements','2023-07-16 17:03:29','timeenjoyed','strager just raided the channel with 138 viewers PogChamp\r','{}'),(230,'emceemc2','2023-07-16 17:03:30','timeenjoyed','RAID\r','{}'),(231,'mystypy','2023-07-16 17:03:33','timeenjoyed','You can but heaps of people had tokens and stuff\r','{}'),(232,'michaelpcgamer','2023-07-16 17:03:33','timeenjoyed','wait dont show private team chat logs....\r','{}'),(233,'xmetrix','2023-07-16 17:03:34','timeenjoyed','RAID!!!!!!!!!!!\r','{}'),(234,'emceemc2','2023-07-16 17:03:36','timeenjoyed','timeenSus2 timeenSus2 timeenSus2 timeenHug2 timeenHug2 timeenHug2 timeenHug2\r','{}'),(235,'varleygg','2023-07-16 17:03:37','timeenjoyed','RAID\r','{}'),(236,'strager','2023-07-16 17:03:38','timeenjoyed','Is this the stream where people leak their Twitch OAuth tokens?\r','{}'),(237,'mystypy','2023-07-16 17:03:38','timeenjoyed','in their channels so\r','{}'),(238,'ambivalentbunnie','2023-07-16 17:03:40','timeenjoyed','Eyyyyy @strager\r','{}'),(239,'zbrow','2023-07-16 17:03:42','timeenjoyed','SHOUTOUT\r','{}'),(240,'ambivalentbunnie','2023-07-16 17:03:47','timeenjoyed','!so @strager\r','{}'),(241,'streamelements','2023-07-16 17:03:48','timeenjoyed','Check out strager over at https://www.twitch.tv/strager , they are playing Software and Game Development!\r','{}'),(242,'varleygg','2023-07-16 17:03:48','timeenjoyed','@strager take your meds\r','{}'),(243,'emceemc2','2023-07-16 17:03:51','timeenjoyed','@strager that\'s been this whole week\r','{}'),(244,'jamezzzb','2023-07-16 17:03:56','timeenjoyed','No he wasn’t streaming\r','{}'),(245,'emceemc2','2023-07-16 17:04:02','timeenjoyed','\"finishing\"\r','{}'),(246,'br1br1kz','2023-07-16 17:04:08','timeenjoyed','!codejam\r','{}'),(247,'ambivalentbunnie','2023-07-16 17:04:08','timeenjoyed',':O MULTIPLE TEAMS???\r','{}'),(248,'nightbot','2023-07-16 17:04:08','timeenjoyed','Our codejam has begun and ends on July 16th. Info here: https://codejam.timeenjoyed.dev/\r','{}'),(249,'faffinaboot','2023-07-16 17:04:13','timeenjoyed','We promise to leak all the tokens\r','{}'),(250,'jamezzzb','2023-07-16 17:04:35','timeenjoyed',':)\r','{}'),(251,'emceemc2','2023-07-16 17:04:35','timeenjoyed','https://github.com/vegerot/last_chance_predictions/\r','{}'),(252,'therealkroden','2023-07-16 17:04:37','timeenjoyed','That\'s not @strager, that\'s me, I stole his twitch identity Kappa\r','{}'),(253,'strager','2023-07-16 17:04:48','timeenjoyed','@TheRealKroden token stolen\r','{}'),(254,'emceemc2','2023-07-16 17:04:49','timeenjoyed','https://github.com/strager/First\r','{}'),(255,'strager','2023-07-16 17:04:56','timeenjoyed','@TimeEnjoyed Burn the logs to the ground\r','{}'),(256,'xmetrix','2023-07-16 17:05:02','timeenjoyed','<- terrible i need to look ujp how to submit lol\r','{}'),(257,'strager','2023-07-16 17:05:05','timeenjoyed','@TimeEnjoyed How many people submitted?\r','{}'),(258,'emceemc2','2023-07-16 17:05:19','timeenjoyed','i like our logs\r','{}'),(259,'streamelements','2023-07-16 17:05:19','timeenjoyed','juiceboxhero just raided the channel with 44 viewers PogChamp\r','{}'),(260,'rawoke083','2023-07-16 17:05:21','timeenjoyed','@xmetrix Me too ! HAd to go through all the GITHUB PAT Stuff ! So weird\r','{}'),(261,'strager','2023-07-16 17:05:28','timeenjoyed','Double raid PogChamp\r','{}'),(262,'ogprodigy','2023-07-16 17:05:36','timeenjoyed','juicebox raid\r','{}'),(263,'filmingstudio','2023-07-16 17:05:40','timeenjoyed','wowza\r','{}'),(264,'juiceboxhero','2023-07-16 17:05:40','timeenjoyed','hi hi yes yes\r','{}'),(265,'ambivalentbunnie','2023-07-16 17:05:43','timeenjoyed','!so @juiceboxhero\r','{}'),(266,'streamelements','2023-07-16 17:05:44','timeenjoyed','Check out juiceboxhero over at https://www.twitch.tv/juiceboxhero , they are playing Software and Game Development!\r','{}'),(267,'rawoke083','2023-07-16 17:05:46','timeenjoyed','Are We Trending ? We should be Trending !!\r','{}'),(268,'juiceboxhero','2023-07-16 17:05:58','timeenjoyed','o0ooo we love integrating\r','{}'),(269,'garrison','2023-07-16 17:06:12','timeenjoyed','staff raid MrDestructoid\r','{}'),(270,'jamezzzb','2023-07-16 17:06:13','timeenjoyed','Don’t say anything controversial\r','{}'),(271,'juiceboxhero','2023-07-16 17:06:15','timeenjoyed','yea, I\'m a PM\r','{}'),(272,'ambivalentbunnie','2023-07-16 17:06:20','timeenjoyed','Lol that\'s fine\r','{}'),(273,'directstar1','2023-07-16 17:06:35','timeenjoyed','AWWWW\r','{}'),(274,'ambivalentbunnie','2023-07-16 17:06:36','timeenjoyed','It\'s not her full on face\r','{}'),(275,'wietlol','2023-07-16 17:06:39','timeenjoyed','kaatEyes\r','{}'),(276,'streamelements','2023-07-16 17:06:44','timeenjoyed','Thank you for following VortexMaster_45 :)\r','{}'),(277,'benoitmax','2023-07-16 17:06:49','timeenjoyed','Make programs in TempleOS. God says.\r','{}'),(278,'mystypy','2023-07-16 17:06:52','timeenjoyed','Where is spiffy!\r','{}'),(279,'garrison','2023-07-16 17:07:03','timeenjoyed','i try to code stuff, nothing interesting\r','{}'),(280,'juiceboxhero','2023-07-16 17:07:09','timeenjoyed','ok ok I gotta go eat something I am so so hunger <3 have a good stream\r','{}'),(281,'rawoke083','2023-07-16 17:07:11','timeenjoyed','@Staff Are We Lighting Up Internal Dashboards At Twitch HQ ?? :D :D If not we should be !!\r','{}'),(282,'faffinaboot','2023-07-16 17:07:20','timeenjoyed','Howdy juicebox!\r','{}'),(283,'streamelements','2023-07-16 17:07:32','timeenjoyed','Thank you for following benoitmax :)\r','{}'),(284,'mystypy','2023-07-16 17:08:04','timeenjoyed','My submission is in #planning btw LOL\r','{}'),(285,'ambivalentbunnie','2023-07-16 17:08:21','timeenjoyed','Lol I want to see!\r','{}'),(286,'xmetrix','2023-07-16 17:08:25','timeenjoyed','@TimeEnjoyed I SUBMITTED!!!\r','{}'),(287,'xmetrix','2023-07-16 17:08:30','timeenjoyed','complete with readme!\r','{}'),(288,'ambivalentbunnie','2023-07-16 17:08:43','timeenjoyed','Yayyy @xmetrix\r','{}'),(289,'therealkroden','2023-07-16 17:08:46','timeenjoyed','aww, he\'s 8 min late\r','{}'),(290,'xmetrix','2023-07-16 17:08:50','timeenjoyed','yea i know\r','{}'),(291,'therealkroden','2023-07-16 17:08:51','timeenjoyed','we\'re going to need a vote on that :)\r','{}'),(292,'xmetrix','2023-07-16 17:08:53','timeenjoyed','and its not finished\r','{}'),(293,'ambivalentbunnie','2023-07-16 17:08:54','timeenjoyed','???\r','{}'),(294,'rawoke083','2023-07-16 17:08:55','timeenjoyed','I feel like I have joined a cult with all this excitement !!\r','{}'),(295,'xmetrix','2023-07-16 17:08:57','timeenjoyed','the os wont boot fully\r','{}'),(296,'xmetrix','2023-07-16 17:09:01','timeenjoyed','i wrote timeOS\r','{}'),(297,'mystypy','2023-07-16 17:09:13','timeenjoyed','@xmetrix Was late, no bono\r','{}'),(298,'xmetrix','2023-07-16 17:09:13','timeenjoyed','a little twitch integrated Operating system that runs on the pi\r','{}'),(299,'xmetrix','2023-07-16 17:09:15','timeenjoyed','lol jk jk jk\r','{}'),(300,'ambivalentbunnie','2023-07-16 17:09:19','timeenjoyed','Lol\r','{}'),(301,'xmetrix','2023-07-16 17:09:39','timeenjoyed','wait\r','{}'),(302,'mystypy','2023-07-16 17:09:49','timeenjoyed','@TimeEnjoyed The focus mode thing is on btw\r','{}'),(303,'xmetrix','2023-07-16 17:09:52','timeenjoyed','WHERES MY FIGMA .. BROUGHT TO LIFE?!\r','{}'),(304,'xmetrix','2023-07-16 17:10:12','timeenjoyed','gotta tweet and post\r','{}'),(305,'rawoke083','2023-07-16 17:10:19','timeenjoyed','CodeJam Was a SMASHING SUCCESS !!!\r','{}'),(306,'xphoenix2933x','2023-07-16 17:10:19','timeenjoyed','wow, big audience lol\r','{}'),(307,'ambivalentbunnie','2023-07-16 17:10:28','timeenjoyed','I would define roles in beginning and not take on such a big project haha\r','{}'),(308,'xphoenix2933x','2023-07-16 17:10:31','timeenjoyed','175 people watching\r','{}'),(309,'xmetrix','2023-07-16 17:10:33','timeenjoyed','yea huge thanks to @MystyPy\r','{}'),(310,'michaelpcgamer','2023-07-16 17:10:44','timeenjoyed','question who was in ur team?\r','{}'),(311,'rawoke083','2023-07-16 17:10:56','timeenjoyed','@xmetrix ^^^^\r','{}'),(312,'faffinaboot','2023-07-16 17:11:28','timeenjoyed','I now follow MystyPy. Why was I not doing that before?\r','{}'),(313,'mystypy','2023-07-16 17:11:28','timeenjoyed','6kYco2Zt-cM\r','{}'),(314,'mytsypybot','2023-07-16 17:11:28','timeenjoyed','@MystyPy your song was added to the queue: Automatically Verified\r','{}'),(315,'mytsypybot','2023-07-16 17:11:29','timeenjoyed','Now playing: Rage Against Vanessa Carlton\r','{}'),(316,'ambivalentbunnie','2023-07-16 17:11:50','timeenjoyed','So so soooo appreciative of @mystypy\r','{}'),(317,'ambivalentbunnie','2023-07-16 17:11:53','timeenjoyed','♡♡♡\r','{}'),(318,'xmetrix','2023-07-16 17:12:26','timeenjoyed','i would ask that life not come crashing in on me outta nowhere next time\r','{}'),(319,'ambivalentbunnie','2023-07-16 17:12:27','timeenjoyed','You freaking rocked it @timeenjoyed\r','{}'),(320,'xmetrix','2023-07-16 17:12:34','timeenjoyed','but i did manage to get a shitload done in 27 hrs lol\r','{}'),(321,'ambivalentbunnie','2023-07-16 17:12:42','timeenjoyed','@xmetrix ???\r','{}'),(322,'theluckymage','2023-07-16 17:12:43','timeenjoyed','Hi :D how much time did you have for the jam?\r','{}'),(323,'mystypy','2023-07-16 17:12:50','timeenjoyed','commands\r','{}'),(324,'zedsdeppellin','2023-07-16 17:12:54','timeenjoyed','You got rid of the tarot read reward?\r','{}'),(325,'zedsdeppellin','2023-07-16 17:12:59','timeenjoyed','I\'ve been saving up for it D:\r','{}'),(326,'rawoke083','2023-07-16 17:13:00','timeenjoyed','@xmetrix Haha me to !! I left it too late :(\r','{}'),(327,'therealkroden','2023-07-16 17:13:21','timeenjoyed','@TheLuckyMage never enough ;)\r','{}'),(328,'faffinaboot','2023-07-16 17:13:24','timeenjoyed','ShowLove100 ShowLove100  This was amazing, way to go Estha!\r','{}'),(329,'streamelements','2023-07-16 17:13:25','timeenjoyed','FaffinABoot just cheered 200 bits PogChamp\r','{}'),(330,'ambivalentbunnie','2023-07-16 17:13:30','timeenjoyed','@zedsdeppellin just for time being cause we had a deadline\r','{}'),(331,'pete_the_salty_baguette','2023-07-16 17:13:51','timeenjoyed','what you guys makin\r','{}'),(332,'mystypy','2023-07-16 17:13:53','timeenjoyed','gXNVbzCGYfE\r','{}'),(333,'mytsypybot','2023-07-16 17:13:53','timeenjoyed','@MystyPy your song was added to the queue: Automatically Verified\r','{}'),(334,'ambivalentbunnie','2023-07-16 17:13:59','timeenjoyed','@zedsdeppellin it\'ll be back on future streams I\'m sure\r','{}'),(335,'theluckymage','2023-07-16 17:14:07','timeenjoyed','oh :D sounds like fun though anyway\r','{}'),(336,'zedsdeppellin','2023-07-16 17:14:20','timeenjoyed','Oh :D\r','{}'),(337,'ambivalentbunnie','2023-07-16 17:14:25','timeenjoyed','Lol I\'m on a small phone screen\r','{}'),(338,'zedsdeppellin','2023-07-16 17:14:32','timeenjoyed','butt.py\r','{}'),(339,'ambivalentbunnie','2023-07-16 17:14:39','timeenjoyed','So.....I can\'t see clearly lol\r','{}'),(340,'strager','2023-07-16 17:14:50','timeenjoyed','The expletives in the music definitely match the stream vibe\r','{}'),(341,'mytsypybot','2023-07-16 17:14:58','timeenjoyed','Now playing: LeBrock - Takes All Night (Official Lyric Video)\r','{}'),(342,'freedomdao','2023-07-16 17:15:06','timeenjoyed','song is pretty amazing LUL\r','{}'),(343,'theluckymage','2023-07-16 17:15:08','timeenjoyed','paticipated once in a game jam :D was pretty fun too\r','{}'),(344,'strager','2023-07-16 17:15:20','timeenjoyed','I\'d participate, sure\r','{}'),(345,'therealkroden','2023-07-16 17:15:23','timeenjoyed','somebody could probably clip Time saying F repeatedly and splice it into that song :)\r','{}'),(346,'mystypy','2023-07-16 17:15:31','timeenjoyed','@TheRealKroden HAHAHAH\r','{}'),(347,'xmetrix','2023-07-16 17:16:46','timeenjoyed','!entries\r','{}'),(348,'freedomdao','2023-07-16 17:16:51','timeenjoyed','noob life <3 @mate_amargo\r','{}'),(349,'emceemc2','2023-07-16 17:16:51','timeenjoyed','I\'m on a level all of my own.  I\'m in the stratosphere\r','{}'),(350,'streamelements','2023-07-16 17:16:53','timeenjoyed','Thank you for following WhhiteWolff :)\r','{}'),(351,'ambivalentbunnie','2023-07-16 17:16:55','timeenjoyed','That\'s awesome @strager\r','{}'),(352,'mate_amargo','2023-07-16 17:17:00','timeenjoyed','hence our team name\r','{}'),(353,'emceemc2','2023-07-16 17:17:01','timeenjoyed','strager was sick for most of the wick\r','{}'),(354,'emceemc2','2023-07-16 17:17:04','timeenjoyed','*week\r','{}'),(355,'strager','2023-07-16 17:17:06','timeenjoyed','There was a time crunch because I lost half a week due to being ill\r','{}'),(356,'mate_amargo','2023-07-16 17:17:15','timeenjoyed','@emceeMC2 level is mc^2\r','{}'),(357,'xmetrix','2023-07-16 17:17:21','timeenjoyed','!entries\r','{}'),(358,'emceemc2','2023-07-16 17:17:22','timeenjoyed','@mate_amargo ^^\r','{}'),(359,'ambivalentbunnie','2023-07-16 17:17:27','timeenjoyed','Oh I hope you are feeling better!!!!\r','{}'),(360,'emceemc2','2023-07-16 17:17:47','timeenjoyed','@TimeEnjoyed check out the Chrome extension icon for more info about what happened\r','{}'),(361,'rawoke083','2023-07-16 17:17:54','timeenjoyed','I need to bring in more South Africas in here.. I need coding buddies ! :/ It was tough alone..\r','{}'),(362,'xphoenix2933x','2023-07-16 17:17:55','timeenjoyed',':O\r','{}'),(363,'ambivalentbunnie','2023-07-16 17:17:58','timeenjoyed','I\'m gonna keep working on it\r','{}'),(364,'xphoenix2933x','2023-07-16 17:18:03','timeenjoyed','nooo really??? you can\'t demo TimeToGrow?\r','{}'),(365,'emceemc2','2023-07-16 17:18:10','timeenjoyed','the icon for our chrome extension we submitted\r','{}'),(366,'xphoenix2933x','2023-07-16 17:18:10','timeenjoyed','Not even minimum working version?\r','{}'),(367,'emceemc2','2023-07-16 17:18:11','timeenjoyed','our project\r','{}'),(368,'ambivalentbunnie','2023-07-16 17:18:12','timeenjoyed','That way hopefully on demo stream it can be live\r','{}'),(369,'ambivalentbunnie','2023-07-16 17:18:16','timeenjoyed','?????\r','{}'),(370,'ambivalentbunnie','2023-07-16 17:18:30','timeenjoyed','@xphoenix2933x we have no UI\r','{}'),(371,'xmetrix','2023-07-16 17:18:32','timeenjoyed','@rawoke083  you missed out.. i did pure php.. literally 0 javascript\r','{}'),(372,'mystypy','2023-07-16 17:18:35','timeenjoyed','yty_xeyzVDQ\r','{}'),(373,'mytsypybot','2023-07-16 17:18:35','timeenjoyed','@MystyPy your song was added to the queue: Automatically Verified\r','{}'),(374,'mytsypybot','2023-07-16 17:18:36','timeenjoyed','Now playing: Afterglow\r','{}'),(375,'emceemc2','2023-07-16 17:18:41','timeenjoyed','TimeToGrow?  More like TimeToNoShow\r','{}'),(376,'rawoke083','2023-07-16 17:18:45','timeenjoyed','@TimeEnjoyed a nice logo... :P and a weird game\r','{}'),(377,'ambivalentbunnie','2023-07-16 17:18:59','timeenjoyed','ambiva2RIP2 ambiva2RIP2 ambiva2RIP2 @emceemc2\r','{}'),(378,'xphoenix2933x','2023-07-16 17:19:00','timeenjoyed','haha, yeahhh..\r','{}'),(379,'zbrow','2023-07-16 17:19:00','timeenjoyed','aight im hyped\r','{}'),(380,'rawoke083','2023-07-16 17:19:45','timeenjoyed','@xmetrix Hahah next time ! You going to laugh when you see my BStrap-Application :S It\'s WORSE Now :S\r','{}'),(381,'strager','2023-07-16 17:19:57','timeenjoyed','Ignore @emceeMC2, he\'s an idiot\r','{}'),(382,'xmetrix','2023-07-16 17:20:11','xmetrix','!new 20 suck it\r','{}'),(383,'strager','2023-07-16 17:20:15','timeenjoyed','He doesn\'t realize how bad you are at computers\r','{}'),(384,'ambivalentbunnie','2023-07-16 17:20:27','timeenjoyed','Omg haha\r','{}'),(385,'emceemc2','2023-07-16 17:20:29','timeenjoyed','@strager should I just link it to her?\r','{}'),(386,'emceemc2','2023-07-16 17:20:33','timeenjoyed','You don\'t think she can find it?\r','{}'),(387,'emceemc2','2023-07-16 17:20:37','timeenjoyed','just look for .png\r','{}'),(388,'ambivalentbunnie','2023-07-16 17:20:39','timeenjoyed','ambiva2Fine ambiva2Code ambiva2Fine ambiva2Code ambiva2Fine ambiva2Code ambiva2Fine\r','{}'),(389,'rawoke083','2023-07-16 17:20:53','timeenjoyed','Pffft Where They Not Here For The RAM Upgrade :D ??\r','{}'),(390,'strager','2023-07-16 17:21:18','timeenjoyed','@emceeMC2 See? She\'s incompetent\r','{}'),(391,'xphoenix2933x','2023-07-16 17:21:27','timeenjoyed','are we doing any demos tonight?\r','{}'),(392,'xphoenix2933x','2023-07-16 17:21:31','timeenjoyed','what\'s the agenda?\r','{}'),(393,'rawoke083','2023-07-16 17:21:36','timeenjoyed','Who\'s That ??\r','{}'),(394,'emceemc2','2023-07-16 17:21:37','timeenjoyed','LOL\r','{}'),(395,'ambivalentbunnie','2023-07-16 17:21:39','timeenjoyed','????\r','{}'),(396,'faffinaboot','2023-07-16 17:21:40','timeenjoyed','Toothache?\r','{}'),(397,'xphoenix2933x','2023-07-16 17:21:44','timeenjoyed','OOooofff poor strager\r','{}'),(398,'xmetrix','2023-07-16 17:21:46','timeenjoyed','oh look\r','{}'),(399,'xmetrix','2023-07-16 17:21:48','timeenjoyed','excuse.jpg\r','{}'),(400,'zedsdeppellin','2023-07-16 17:21:49','timeenjoyed','He got in a huge barfight on Monday\r','{}'),(401,'xmetrix','2023-07-16 17:21:50','timeenjoyed','LMAO\r','{}'),(402,'emceemc2','2023-07-16 17:21:55','timeenjoyed','@xmetrix ^^^\r','{}'),(403,'freedomdao','2023-07-16 17:22:07','timeenjoyed','this is a good tactic LUL @strager\r','{}'),(404,'emceemc2','2023-07-16 17:22:18','timeenjoyed','strager started making out with some guy\'s girl\r','{}'),(405,'emceemc2','2023-07-16 17:22:28','timeenjoyed','in front of the guy\r','{}'),(406,'emceemc2','2023-07-16 17:22:30','timeenjoyed','based\r','{}'),(407,'zedsdeppellin','2023-07-16 17:22:42','timeenjoyed','And then he made fun of him for being a react dev\r','{}'),(408,'emceemc2','2023-07-16 17:22:46','timeenjoyed','@strager she found it\r','{}'),(409,'xmetrix','2023-07-16 17:22:47','timeenjoyed','yay time gonna disppear for months now\r','{}'),(410,'xmetrix','2023-07-16 17:22:50','timeenjoyed','bunny style\r','{}'),(411,'ambivalentbunnie','2023-07-16 17:22:57','timeenjoyed','You need to catch up on sleep @timeenjoyed\r','{}'),(412,'mystypy','2023-07-16 17:23:09','timeenjoyed','Yeah I need sleep\r','{}'),(413,'ambivalentbunnie','2023-07-16 17:23:17','timeenjoyed','@xmetrix hey....lol I was compiling a little human\r','{}'),(414,'rawoke083','2023-07-16 17:23:26','timeenjoyed','@xmetrix It will give us time to find propper hobbies again !\r','{}'),(415,'ambivalentbunnie','2023-07-16 17:23:30','timeenjoyed','@mystypy yesss take care of yourself\r','{}'),(416,'faffinaboot','2023-07-16 17:23:53','timeenjoyed','@TimeEnjoyed check the planning section asap if you can. :)\r','{}'),(417,'faffinaboot','2023-07-16 17:24:03','timeenjoyed','@MystyPy sleep well!\r','{}'),(418,'xmetrix','2023-07-16 17:24:08','timeenjoyed','LOL @ambivalentbunnie  gg on successful compilation\r','{}'),(419,'zbrow','2023-07-16 17:24:11','timeenjoyed','it is 2023\r','{}'),(420,'ambivalentbunnie','2023-07-16 17:24:19','timeenjoyed','@xmetrix xD\r','{}'),(421,'xmetrix','2023-07-16 17:24:30','timeenjoyed','she doxing\r','{}'),(422,'xmetrix','2023-07-16 17:24:32','timeenjoyed','OMG RUN\r','{}'),(423,'zbrow','2023-07-16 17:24:42','timeenjoyed','LOL\r','{}'),(424,'streamelements','2023-07-16 17:24:44','timeenjoyed','Thank you for following coderguy :)\r','{}'),(425,'michaelpcgamer','2023-07-16 17:24:57','timeenjoyed','will they b available when I sort out which method I wanna use for receiving it?\r','{}'),(426,'rawoke083','2023-07-16 17:25:00','timeenjoyed','Is this \"The Merch\" ??\r','{}'),(427,'xmetrix','2023-07-16 17:25:13','timeenjoyed','ACTION wants codejam particpant badge just sayin\r','{}'),(428,'chrispnugget','2023-07-16 17:25:13','timeenjoyed','Keychains are perfect!\r','{}'),(429,'veganburrito86','2023-07-16 17:25:14','timeenjoyed','print(mystypy.get(\'Relax\', None))\r','{}'),(430,'veganburrito86','2023-07-16 17:25:16','timeenjoyed','None\r','{}'),(431,'emceemc2','2023-07-16 17:25:33','timeenjoyed','does strager get 2 keychains because he did 2 projects?\r','{}'),(432,'faffinaboot','2023-07-16 17:25:42','timeenjoyed','Estha is gonna sleep for a whole day after this\r','{}'),(433,'xmetrix','2023-07-16 17:25:42','timeenjoyed','ACTION submits 20 projects\r','{}'),(434,'thefukhan','2023-07-16 17:25:45','timeenjoyed','You do any ML?\r','{}'),(435,'michaelpcgamer','2023-07-16 17:25:51','timeenjoyed','oh no i aint givin u my actual address... I\'ll figure it out :)\r','{}'),(436,'faffinaboot','2023-07-16 17:26:04','timeenjoyed','xmetrix might have actually done 20 projects :P\r','{}'),(437,'ambivalentbunnie','2023-07-16 17:26:07','timeenjoyed','You\'ve been up when baby wakes up for her feed at 4am lol\r','{}'),(438,'timeenjoyed','2023-07-16 17:26:17','timeenjoyed','!so xphoenix2933x\r','{}'),(439,'streamelements','2023-07-16 17:26:18','timeenjoyed','Check out xphoenix2933x over at https://www.twitch.tv/xphoenix2933x , they are playing Software and Game Development!\r','{}'),(440,'therealkroden','2023-07-16 17:26:19','timeenjoyed','@FaffinABoot xmetrix might have *started* 20 projects LUL\r','{}'),(441,'mate_amargo','2023-07-16 17:26:20','timeenjoyed','@emceeMC2 He can get 3. Mine as well . I\'m too far away for her to ship me one I think\r','{}'),(442,'ambivalentbunnie','2023-07-16 17:26:20','timeenjoyed','So.....you should definitely rest\r','{}'),(443,'xphoenix2933x','2023-07-16 17:26:40','timeenjoyed','what about phoenix and mL?\r','{}'),(444,'ambivalentbunnie','2023-07-16 17:26:42','timeenjoyed','@therealkroden ???\r','{}'),(445,'xphoenix2933x','2023-07-16 17:26:47','timeenjoyed','lol I was eating ribs and heard you from other room\r','{}'),(446,'streamelements','2023-07-16 17:26:52','timeenjoyed','TrshPuppy just raided the channel with 26 viewers PogChamp\r','{}'),(447,'xmetrix','2023-07-16 17:26:58','timeenjoyed','congrats @TrshPuppy ,proud of you\r','{}'),(448,'trshpuppy','2023-07-16 17:27:00','timeenjoyed','trshpuDUBBEE trshpuDUBBEE trshpuDUBBEE trshpuDUBBEE trshpuDUBBEE trshpuDUBBEE trshpuDUBBEE trshpuDUBBEE\r','{}'),(449,'ambivalentbunnie','2023-07-16 17:27:03','timeenjoyed','!so @trshpuppy\r','{}'),(450,'trshpuppy','2023-07-16 17:27:04','timeenjoyed','WERE HERE TO WIN\r','{}'),(451,'streamelements','2023-07-16 17:27:04','timeenjoyed','Check out trshpuppy over at https://www.twitch.tv/trshpuppy , they are playing Software and Game Development!\r','{}'),(452,'trshpuppy','2023-07-16 17:27:16','timeenjoyed','reawwy?\r','{}'),(453,'streamelements','2023-07-16 17:27:16','timeenjoyed','Thank you for following thefukhan :)\r','{}'),(454,'rawoke083','2023-07-16 17:27:21','timeenjoyed','@TrshPuppy :D BRING IT !\r','{}'),(455,'xmetrix','2023-07-16 17:27:23','timeenjoyed','yea i wanna play yours =)\r','{}'),(456,'therealkroden','2023-07-16 17:27:24','timeenjoyed','funny the codejam ends and the streamers all raid in LUL\r','{}'),(457,'freedomdao','2023-07-16 17:27:25','timeenjoyed','Good luck :P @TrshPuppy we\r','{}'),(458,'ambivalentbunnie','2023-07-16 17:27:27','timeenjoyed','@trshpuppy ?????? great job!!!!!!\r','{}'),(459,'xphoenix2933x','2023-07-16 17:27:27','timeenjoyed','followed @TrshPuppy\r','{}'),(460,'xmetrix','2023-07-16 17:27:28','timeenjoyed','review*\r','{}'),(461,'freedomdao','2023-07-16 17:27:31','timeenjoyed','we Gotta lot of good project\r','{}'),(462,'trshpuppy','2023-07-16 17:27:35','timeenjoyed','ya we finished\r','{}'),(463,'xmetrix','2023-07-16 17:27:43','timeenjoyed','need to get a list of project titles\r','{}'),(464,'xmetrix','2023-07-16 17:27:46','timeenjoyed','on an overlay\r','{}'),(465,'trshpuppy','2023-07-16 17:27:46','timeenjoyed','we were just adding some fun things at the end that aren\'t ready\r','{}'),(466,'b7h30','2023-07-16 17:27:47','timeenjoyed','we finished and played a round of hot potato!\r','{}'),(467,'rawoke083','2023-07-16 17:27:58','timeenjoyed','@xmetrix Like a Collage ! !\r','{}'),(468,'xmetrix','2023-07-16 17:28:01','timeenjoyed','@TheRealKroden  update particpants\r','{}'),(469,'ambivalentbunnie','2023-07-16 17:28:03','timeenjoyed','Yah\r','{}'),(470,'xmetrix','2023-07-16 17:28:09','timeenjoyed','pull their project titles\r','{}'),(471,'trshpuppy','2023-07-16 17:28:10','timeenjoyed','Next time! I bet you learned a lot hosting  this\r','{}'),(472,'xmetrix','2023-07-16 17:28:11','timeenjoyed','=)\r','{}'),(473,'ambivalentbunnie','2023-07-16 17:28:17','timeenjoyed','I can\'t do the /shoutout command on my phone though\r','{}'),(474,'xmetrix','2023-07-16 17:28:24','timeenjoyed','yea the amount of real world learning experience ...\r','{}'),(475,'trshpuppy','2023-07-16 17:28:24','timeenjoyed','@ambivalentbunnie hey girl! excited to see  u back! how u  doing?\r','{}'),(476,'ambivalentbunnie','2023-07-16 17:28:50','timeenjoyed','@trshpuppy lolol I\'m still learning how to be a mom and program haha\r','{}'),(477,'trshpuppy','2023-07-16 17:28:52','timeenjoyed','ya thats ruler!\r','{}'),(478,'theluckymage','2023-07-16 17:29:04','timeenjoyed','I didn\'t understand vet what the jam was exactly about :D\r','{}'),(479,'trshpuppy','2023-07-16 17:29:10','timeenjoyed','@ambivalentbunnie fricken badass! glad ur doing well\r','{}'),(480,'xmetrix','2023-07-16 17:29:12','timeenjoyed','she can add you as collab\r','{}'),(481,'trshpuppy','2023-07-16 17:29:14','timeenjoyed','ya its public now\r','{}'),(482,'ambivalentbunnie','2023-07-16 17:29:18','timeenjoyed','I feel so bad cause Time was handicapped by me as a teammate\r','{}'),(483,'freedomdao','2023-07-16 17:29:25','timeenjoyed','can you share link to each repo\r','{}'),(484,'xmetrix','2023-07-16 17:29:26','timeenjoyed','no @ambivalentbunnie\r','{}'),(485,'xmetrix','2023-07-16 17:29:33','timeenjoyed','its not a handicap\r','{}'),(486,'xmetrix','2023-07-16 17:29:41','timeenjoyed','dont be hard on yourself like that\r','{}'),(487,'freedomdao','2023-07-16 17:29:50','timeenjoyed','then we can go star all the repos cuz help each other. :D\r','{}'),(488,'ambivalentbunnie','2023-07-16 17:29:57','timeenjoyed','@xmetrix are you being encouraging? :O\r','{}'),(489,'rawoke083','2023-07-16 17:30:00','timeenjoyed','Yea I\'m senior DEV and I can\'t get ppl to Attend a BBQ that I host and pay for !! Well Done !\r','{}'),(490,'streamelements','2023-07-16 17:30:03','timeenjoyed','Thank you for following mike00one :)\r','{}'),(491,'rawoke083','2023-07-16 17:30:08','timeenjoyed','Nevermind a CodeJam\r','{}'),(492,'ambivalentbunnie','2023-07-16 17:30:09','timeenjoyed','Lmao \"why people wanted to be solo\"\r','{}'),(493,'ambivalentbunnie','2023-07-16 17:30:12','timeenjoyed','Hahahahahhaa\r','{}'),(494,'xmetrix','2023-07-16 17:30:16','timeenjoyed','lol;\r','{}'),(495,'xmetrix','2023-07-16 17:30:21','timeenjoyed','the digs..\r','{}'),(496,'trshpuppy','2023-07-16 17:30:22','timeenjoyed','@ambivalentbunnie ya no lol u goof ball\r','{}'),(497,'ambivalentbunnie','2023-07-16 17:30:25','timeenjoyed','*I understood why people wanted to be solo\r','{}'),(498,'ambivalentbunnie','2023-07-16 17:30:33','timeenjoyed','Hahahaha\r','{}'),(499,'michaelpcgamer','2023-07-16 17:31:00','timeenjoyed','my ONLY complaint... is tht my team didn\'t hear eachothers voices a single time.... which is only the fault of timezones but still :(\r','{}'),(500,'mystypy','2023-07-16 17:31:15','timeenjoyed','BDLZWX5hla0\r','{}'),(501,'mytsypybot','2023-07-16 17:31:16','timeenjoyed','@MystyPy your song was added to the queue: Automatically Verified\r','{}'),(502,'mytsypybot','2023-07-16 17:31:17','timeenjoyed','Now playing: The Midnight - \'Change Your Heart or Die\' (Official Audio)\r','{}'),(503,'ambivalentbunnie','2023-07-16 17:31:22','timeenjoyed','????\r','{}'),(504,'michaelpcgamer','2023-07-16 17:31:59','timeenjoyed','im literally in the private vc rn lol\r','{}'),(505,'ambivalentbunnie','2023-07-16 17:32:06','timeenjoyed','Lol mysty was like these girls taking too long...so she wrote a version herself lol\r','{}'),(506,'timeenjoyed','2023-07-16 17:32:24','timeenjoyed','!like\r','{}'),(507,'mytsypybot','2023-07-16 17:32:25','timeenjoyed','SeemsGood\r','{}'),(508,'10x_programmer','2023-07-16 17:32:48','timeenjoyed','it\'s most fun, if there are only senior devs in your team, usually, if they agree on how to do things\r','{}'),(509,'chrispnugget','2023-07-16 17:32:53','timeenjoyed','leahtcSpin leahtcSpin leahtcSpin leahtcSpin leahtcSpin leahtcSpin\r','{}'),(510,'chrispnugget','2023-07-16 17:33:15','timeenjoyed','GlitchCat GlitchCat GlitchCat GlitchCat\r','{}'),(511,'chrispnugget','2023-07-16 17:33:22','timeenjoyed','Good song redeem\r','{}'),(512,'rawoke083','2023-07-16 17:33:30','timeenjoyed','@ambivalentbunnie Mysty Learned Patience.. Others Learned Coding(async) :D\r','{}'),(513,'trshpuppy','2023-07-16 17:33:40','timeenjoyed','!lurk ill be back in a bit\r','{}'),(514,'ambivalentbunnie','2023-07-16 17:33:40','timeenjoyed','I loved this experience though @timeenjoyed .  Such a learning process and a great experience\r','{}'),(515,'streamelements','2023-07-16 17:33:40','timeenjoyed','ACTION FeelsBadMan TrshPuppy is now lurking, they will be missed! FeelsBadMan\r','{}'),(516,'stderr_dk','2023-07-16 17:33:51','timeenjoyed','Did everyone submit in time? How many didn\'t?\r','{}'),(517,'ambivalentbunnie','2023-07-16 17:33:53','timeenjoyed','@rawoke083 lol\r','{}'),(518,'10x_programmer','2023-07-16 17:34:11','timeenjoyed','I\'m not a good teacher, tried it, too impatient :-)\r','{}'),(519,'michaelpcgamer','2023-07-16 17:34:15','timeenjoyed','issue is, that imo the final product is the average of the sync skills of the team, not based on the most skilled of the team\r','{}'),(520,'ryanbraganza','2023-07-16 17:34:22','timeenjoyed','submitting on the 14th? wow\r','{}'),(521,'michaelpcgamer','2023-07-16 17:34:24','timeenjoyed','bc people want others to try to contribute\r','{}'),(522,'faffinaboot','2023-07-16 17:34:27','timeenjoyed','we\'re forking stuff right now :)\r','{}'),(523,'zbrow','2023-07-16 17:34:30','timeenjoyed','aight im hype\r','{}'),(524,'michaelpcgamer','2023-07-16 17:34:37','timeenjoyed','idek if my team submitted :(\r','{}'),(525,'directstar1','2023-07-16 17:35:03','timeenjoyed','timeenSus2\r','{}'),(526,'rawoke083','2023-07-16 17:35:20','timeenjoyed','Lol them TryHards !! There is ALSO a BOOTSTRAP submission !\r','{}'),(527,'ambivalentbunnie','2023-07-16 17:35:22','timeenjoyed','@michaelpcgamer I don\'t see that as an issue!  Cause it shows teamwork and learning instead of the senior dev taking over!\r','{}'),(528,'rawoke083','2023-07-16 17:35:27','timeenjoyed','*cough*\r','{}'),(529,'ambivalentbunnie','2023-07-16 17:35:35','timeenjoyed','Allows for the juniors to grow!\r','{}'),(530,'zbrow','2023-07-16 17:35:58','timeenjoyed','i still need to take my personality test ._.\r','{}'),(531,'michaelpcgamer','2023-07-16 17:36:11','timeenjoyed','@ambivalentbunnie might need to define \"senior\" vs \"junior\" in this specific context.\r','{}'),(532,'timeenjoyed','2023-07-16 17:36:20','timeenjoyed','!mbti\r','{}'),(533,'thetimebot','2023-07-16 17:36:21','timeenjoyed','https://www.16personalities.com/free-personality-test\r','{}'),(534,'rawoke083','2023-07-16 17:36:30','timeenjoyed','@ambivalentbunnie true true... i spent 80% of my time just learning/catching-up :S\r','{}'),(535,'ambivalentbunnie','2023-07-16 17:36:56','timeenjoyed','@michaelpcgamer lol sorry \"most skilled\" and \"most beginner\"\r','{}'),(536,'trshpuppy','2023-07-16 17:37:11','timeenjoyed','!unlurk okay im back but ur on the big screen so i can\'t chat messages very quickly lol\r','{}'),(537,'rawoke083','2023-07-16 17:37:21','timeenjoyed','@TimeEnjoyed  JellyScript you can smell those \"Enterprize Roots\" :D All the boxes are tick !!\r','{}'),(538,'ambivalentbunnie','2023-07-16 17:37:50','timeenjoyed','@trshpuppy when I watch on bigger screen I\'ll open phone still to chat haha\r','{}'),(539,'rawoke083','2023-07-16 17:37:52','timeenjoyed','And I\'m here going \"f** did i submit everything\" :S\r','{}'),(540,'ambivalentbunnie','2023-07-16 17:37:55','timeenjoyed','If I can\r','{}'),(541,'trshpuppy','2023-07-16 17:38:38','timeenjoyed','@ambivalentbunnie ya i left it upstairs NotLikeThis\r','{}'),(542,'rawoke083','2023-07-16 17:38:41','timeenjoyed','Noo the shame is too much\r','{}'),(543,'rawoke083','2023-07-16 17:38:49','timeenjoyed','I had to put in picutres to explain\r','{}'),(544,'ambivalentbunnie','2023-07-16 17:38:54','timeenjoyed','@trshpuppy oh boo\r','{}'),(545,'chrispnugget','2023-07-16 17:38:59','timeenjoyed','Sadge\r','{}'),(546,'timeenjoyed','2023-07-16 17:39:12','timeenjoyed','!prepare https://www.youtube.com/watch?v=1WAaIILN1HM\r','{}'),(547,'mytsypybot','2023-07-16 17:39:13','timeenjoyed','Successfully started stream player: Video Game Study Lounge 2023-07-16 17:39\r','{}'),(548,'rawoke083','2023-07-16 17:39:52','timeenjoyed','Lol you can look\r','{}'),(549,'rawoke083','2023-07-16 17:39:55','timeenjoyed','But it\'s not grand\r','{}'),(550,'rawoke083','2023-07-16 17:40:00','timeenjoyed','it\'s like a bad wordle :D\r','{}'),(551,'rawoke083','2023-07-16 17:40:23','timeenjoyed','Lol the pdf\r','{}'),(552,'ambivalentbunnie','2023-07-16 17:40:34','timeenjoyed','@rawoke083 you finished! That\'s still an awesome accomplishment\r','{}'),(553,'rawoke083','2023-07-16 17:40:59','timeenjoyed','There is also CSS animation !!\r','{}'),(554,'mystypy','2023-07-16 17:40:59','timeenjoyed','This looks cool\r','{}'),(555,'michaelpcgamer','2023-07-16 17:41:07','timeenjoyed','wait we had to write up a desc of everything?\r','{}'),(556,'rawoke083','2023-07-16 17:41:27','timeenjoyed','Some ja\r','{}'),(557,'ambivalentbunnie','2023-07-16 17:41:31','timeenjoyed','This is awesome\r','{}'),(558,'rawoke083','2023-07-16 17:41:43','timeenjoyed','Yes\r','{}'),(559,'michaelpcgamer','2023-07-16 17:41:54','timeenjoyed','how do we check if 1 of our team members submitted?\r','{}'),(560,'rawoke083','2023-07-16 17:41:56','timeenjoyed','Yea its kidna hard\r','{}'),(561,'rawoke083','2023-07-16 17:41:59','timeenjoyed','or i\'m dumb\r','{}'),(562,'rawoke083','2023-07-16 17:42:48','timeenjoyed','Them Gimp Skills :D\r','{}'),(563,'xmetrix','2023-07-16 17:43:05','timeenjoyed','ACTION adds pdf\r','{}'),(564,'xmetrix','2023-07-16 17:43:06','timeenjoyed','LUL\r','{}'),(565,'xmetrix','2023-07-16 17:43:16','timeenjoyed','lol\r','{}'),(566,'rawoke083','2023-07-16 17:43:18','timeenjoyed','I was leaning on my long-form-writing sidepassion :D\r','{}'),(567,'xmetrix','2023-07-16 17:43:32','timeenjoyed','so easily amused LO L\r','{}'),(568,'xmetrix','2023-07-16 17:43:35','timeenjoyed','A BIRB!\r','{}'),(569,'xphoenix2933x','2023-07-16 17:43:43','timeenjoyed','Ayyy\r','{}'),(570,'rawoke083','2023-07-16 17:43:43','timeenjoyed','WHAT ! Budgie ! That is bride !!\r','{}'),(571,'mystypy','2023-07-16 17:43:48','timeenjoyed','zjcCTi7FRU4\r','{}'),(572,'mytsypybot','2023-07-16 17:43:48','timeenjoyed','@MystyPy your song was added to the queue: Automatically Verified\r','{}'),(573,'ambivalentbunnie','2023-07-16 17:43:49','timeenjoyed','@michaelpcgamer maybe ask in help? Not sure :(\r','{}'),(574,'xmetrix','2023-07-16 17:43:49','timeenjoyed','looool\r','{}'),(575,'mytsypybot','2023-07-16 17:43:49','timeenjoyed','Now playing: Timecop1983 - Tokyo (feat. Kinnie Lane)\r','{}'),(576,'reanna_little_art_lily84','2023-07-16 17:43:53','timeenjoyed','Haii\r','{}'),(577,'rawoke083','2023-07-16 17:43:58','timeenjoyed','Wait wait Bribe ! Else ppl getting married\r','{}'),(578,'reanna_little_art_lily84','2023-07-16 17:44:04','timeenjoyed','(*^▽^)/★*☆♪ Crazy? I was Crazy once, they locked me in a room, a Art room, a Art room with cats and cats make me go crazy? ＼(^_^)(^_^)／\r','{}'),(579,'xmetrix','2023-07-16 17:44:13','timeenjoyed','its an AI budgie\r','{}'),(580,'xphoenix2933x','2023-07-16 17:44:14','timeenjoyed','She did!!\r','{}'),(581,'xphoenix2933x','2023-07-16 17:44:22','timeenjoyed','I told her you would like the budgie lol\r','{}'),(582,'xmetrix','2023-07-16 17:44:24','timeenjoyed','LLM\r','{}'),(583,'rawoke083','2023-07-16 17:44:33','timeenjoyed','@xmetrix The compition is soo stiff this year !! :D\r','{}'),(584,'chrispnugget','2023-07-16 17:44:41','timeenjoyed','@MystyPy leahtcSpin heymunShuHeart leahtcSpin heymunShuHeart leahtcSpin heymunShuHeart leahtcSpin\r','{}'),(585,'xmetrix','2023-07-16 17:45:09','timeenjoyed','lol @rawoke083  i did make a readme.md\r','{}'),(586,'mystypy','2023-07-16 17:45:11','timeenjoyed','I am redeeming from the likes in #music ROFl\r','{}'),(587,'xmetrix','2023-07-16 17:45:14','timeenjoyed','was going for bonus points lol\r','{}'),(588,'rawoke083','2023-07-16 17:45:30','timeenjoyed','Good lord ! Choose Your Own Adventure !? How big is the team ?\r','{}'),(589,'xphoenix2933x','2023-07-16 17:45:35','timeenjoyed','Yeah, they\'ll just need to register an OpenAI key, it\'s dirt cheap\r','{}'),(590,'xmetrix','2023-07-16 17:45:51','timeenjoyed','and yet i didnt add any to mine =(\r','{}'),(591,'rawoke083','2023-07-16 17:45:57','timeenjoyed','@xmetrix :D\r','{}'),(592,'xphoenix2933x','2023-07-16 17:45:59','timeenjoyed','The whole competition and all our testing has been less than $0.30\r','{}'),(593,'freedomdao','2023-07-16 17:46:41','timeenjoyed','very cheap to run AI now plus we are using the Turbo 3.5 Model\r','{}'),(594,'xmetrix','2023-07-16 17:46:55','timeenjoyed','yea redemptions require more effort unless you have a redemption that takes a string value\r','{}'),(595,'freedomdao','2023-07-16 17:47:05','timeenjoyed','Yea it\'s incredible\r','{}'),(596,'xphoenix2933x','2023-07-16 17:47:22','timeenjoyed','Readme was collaborative, but I wrote a lot of it\r','{}'),(597,'streamelements','2023-07-16 17:47:27','timeenjoyed','Thank you for following kmarada_barba :)\r','{}'),(598,'xmetrix','2023-07-16 17:47:28','timeenjoyed','chatgpt engineer edition\'\r','{}'),(599,'rawoke083','2023-07-16 17:47:28','timeenjoyed','@TimeEnjoyed wait who\'s entry is this ?\r','{}'),(600,'s_matthew_s','2023-07-16 17:47:31','timeenjoyed','And then there\'s also a web UI\r','{}'),(601,'xphoenix2933x','2023-07-16 17:47:35','timeenjoyed','Matthew set up the template with ChatGPT I think lol\r','{}'),(602,'s_matthew_s','2023-07-16 17:47:42','timeenjoyed','Using chatGPT for the CSS was a nightmare\r','{}'),(603,'freedomdao','2023-07-16 17:47:54','timeenjoyed','i setup the dall-e then Matthew fixed it\r','{}'),(604,'rawoke083','2023-07-16 17:48:07','timeenjoyed','OHHH ! Well done @xphoenix2933x & Co !\r','{}'),(605,'xphoenix2933x','2023-07-16 17:48:33','timeenjoyed','The points are more like a leaderboard than a redemption system\r','{}'),(606,'s_matthew_s','2023-07-16 17:48:39','timeenjoyed','Awesome ?. I feel like the project needs to be parallelizable\r','{}'),(607,'xphoenix2933x','2023-07-16 17:48:49','timeenjoyed','But you can modify some const variables to make it cost more\r','{}'),(608,'s_matthew_s','2023-07-16 17:48:54','timeenjoyed','Which this one was good because it happened to have a lot of small things to work on\r','{}'),(609,'mystypy','2023-07-16 17:49:01','timeenjoyed','8aewhNUdojM\r','{}'),(610,'mytsypybot','2023-07-16 17:49:02','timeenjoyed','@MystyPy your song was added to the queue: Automatically Verified\r','{}'),(611,'mytsypybot','2023-07-16 17:49:02','timeenjoyed','Now playing: Running All Night\r','{}'),(612,'freedomdao','2023-07-16 17:49:18','timeenjoyed','yea like a chat democratic process with the game. chat fights over the direction LUL or works together hopefully\r','{}'),(613,'chrispnugget','2023-07-16 17:49:59','timeenjoyed','@MystyPy leahtcSpin heymunShuHeart leahtcSpin heymunShuHeart leahtcSpin\r','{}'),(614,'xmetrix','2023-07-16 17:50:19','timeenjoyed','reeeee\r','{}'),(615,'xmetrix','2023-07-16 17:50:20','timeenjoyed','LOL\r','{}'),(616,'s_matthew_s','2023-07-16 17:50:26','timeenjoyed','Lol it still has some default react app template stuff\r','{}'),(617,'xphoenix2933x','2023-07-16 17:50:31','timeenjoyed','Lol oops, we missed some boilerplate\r','{}'),(618,'rawoke083','2023-07-16 17:50:38','timeenjoyed','Who is ordering Pizza ?I feel we need pizza now !\r','{}'),(619,'rawoke083','2023-07-16 17:50:58','timeenjoyed','@xmetrix  don\'t you have \"pizza guy\" ?\r','{}'),(620,'ambivalentbunnie','2023-07-16 17:51:08','timeenjoyed','Lmao\r','{}'),(621,'xmetrix','2023-07-16 17:51:14','timeenjoyed','i do actually =(\r','{}'),(622,'rawoke083','2023-07-16 17:51:27','timeenjoyed','@xmetrix As all propper men should !\r','{}'),(623,'xmetrix','2023-07-16 17:52:01','timeenjoyed','yea a pizza guy, and a butcher\r','{}'),(624,'rawoke083','2023-07-16 17:52:52','timeenjoyed','I still wanted to have like Streamer-Vs-Streamer Activity ! But the twitch-Api seems sketcy ! :/\r','{}'),(625,'streamelements','2023-07-16 17:53:08','timeenjoyed','Thank you for following legomoses3 :)\r','{}'),(626,'rawoke083','2023-07-16 17:53:24','timeenjoyed','Or my understanding of it..\r','{}'),(627,'ambivalentbunnie','2023-07-16 17:53:47','timeenjoyed','@rawoke083 they have guest stars now on twitch\r','{}'),(628,'neutrino2211','2023-07-16 17:53:51','timeenjoyed','Thanks!!\r','{}'),(629,'freedomdao','2023-07-16 17:53:54','timeenjoyed','i love ur fonts !\r','{}'),(630,'ambivalentbunnie','2023-07-16 17:54:02','timeenjoyed','Might be able to use that to get around it\r','{}'),(631,'rawoke083','2023-07-16 17:54:04','timeenjoyed','@ambivalentbunnie They do ? :O\r','{}'),(632,'mystypy','2023-07-16 17:54:35','timeenjoyed','wZ0mvH-YK9s\r','{}'),(633,'mytsypybot','2023-07-16 17:54:36','timeenjoyed','@MystyPy your song was added to the queue: Automatically Verified\r','{}'),(634,'rawoke083','2023-07-16 17:54:36','timeenjoyed','@TimeEnjoyed Theme was good yes, but out of interest what was the runner up or 2nd choices for theme ?\r','{}'),(635,'mytsypybot','2023-07-16 17:54:36','timeenjoyed','Now playing: Le Matos - No Tomorrow (feat. PAWWS) - [TURBO KID\" Original Motion Picture Soundtrack]\r','{}'),(636,'neutrino2211','2023-07-16 17:54:37','timeenjoyed','I don\'t mind at all!!!!\r','{}'),(637,'ambivalentbunnie','2023-07-16 17:54:58','timeenjoyed','Yeah @rawoke083 not sure how it works exactly,  but maybe have a bot that is running on both streams etc\r','{}'),(638,'xmetrix','2023-07-16 17:55:19','timeenjoyed','damnit\r','{}'),(639,'xmetrix','2023-07-16 17:55:20','timeenjoyed','i just realized\r','{}'),(640,'rawoke083','2023-07-16 17:55:24','timeenjoyed','@xmetrix SFW ? :D\r','{}'),(641,'xmetrix','2023-07-16 17:55:26','timeenjoyed','RICK ROLL OP MISSED\r','{}'),(642,'xmetrix','2023-07-16 17:55:27','timeenjoyed','lmao\r','{}'),(643,'ambivalentbunnie','2023-07-16 17:55:35','timeenjoyed','@xmetrix lol\r','{}'),(644,'chrispnugget','2023-07-16 17:55:36','timeenjoyed','leahtcSpin leahtcSpin leahtcSpin leahtcSpin leahtcSpin leahtcSpin leahtcSpin leahtcSpin\r','{}'),(645,'xmetrix','2023-07-16 17:55:37','timeenjoyed','100% php no js\r','{}'),(646,'xmetrix','2023-07-16 17:55:40','timeenjoyed','was brutal =(\r','{}'),(647,'rawoke083','2023-07-16 17:55:43','timeenjoyed','DAMMIT !! He has a GRAPHICS GUY also !!\r','{}'),(648,'trshpuppy','2023-07-16 17:55:44','timeenjoyed','aight what we doin. i missed the review process shpeal if there was one\r','{}'),(649,'trshpuppy','2023-07-16 17:55:50','timeenjoyed','ooh!\r','{}'),(650,'freedomdao','2023-07-16 17:56:07','timeenjoyed','is it possible that each team could get like a 2 minute video demo at some point? it takes us a bit to make the vid demo of course but could be good to have the ppl who want to show it\r','{}'),(651,'mystypy','2023-07-16 17:56:12','timeenjoyed','@ChrisPNugget SirUwU SirUwU SirUwU SirUwU SirUwU\r','{}'),(652,'xmetrix','2023-07-16 17:56:26','timeenjoyed','we could always just jupm on STAGE in discord to showcase =)\r','{}'),(653,'ambivalentbunnie','2023-07-16 17:57:12','timeenjoyed','@xmetrix that\'s what I was thinking lol if people would be there\r','{}'),(654,'ambivalentbunnie','2023-07-16 17:57:17','timeenjoyed','For stream lol\r','{}'),(655,'rawoke083','2023-07-16 17:57:27','timeenjoyed','@xmetrix ^^^\r','{}'),(656,'xmetrix','2023-07-16 17:58:13','timeenjoyed','was basically just a full blown log of channel chats\r','{}'),(657,'rawoke083','2023-07-16 17:58:17','timeenjoyed','@xmetrix so you recording my text ! Seems so AntiYou :P\r','{}'),(658,'xmetrix','2023-07-16 17:58:22','timeenjoyed','so you can select * from channels where im mentioned\r','{}'),(659,'rawoke083','2023-07-16 17:58:24','timeenjoyed','Privacy #FIRST\r','{}'),(660,'xmetrix','2023-07-16 17:58:29','timeenjoyed','lmao\r','{}'),(661,'trshpuppy','2023-07-16 17:58:33','timeenjoyed','Dang @xmetrix ur scope was huge and u were still writing other projects XD\r','{}'),(662,'xmetrix','2023-07-16 17:58:37','timeenjoyed','im keeping it safe for you @rawoke083\r','{}'),(663,'rawoke083','2023-07-16 17:58:46','timeenjoyed',':D :D\r','{}'),(664,'rawoke083','2023-07-16 17:58:59','timeenjoyed','And the logo !\r','{}'),(665,'trshpuppy','2023-07-16 17:59:11','timeenjoyed','ya he helped me figure out game loops\r','{}'),(666,'xmetrix','2023-07-16 17:59:15','timeenjoyed','ya waiting on twitch\r','{}'),(667,'trshpuppy','2023-07-16 18:00:29','timeenjoyed','trshpuBeg trshpuBeg trshpuBeg\r','{}'),(668,'trshpuppy','2023-07-16 18:00:51','timeenjoyed','its just \'color coded\' cuz comments in json are invalid lol\r','{}'),(669,'rawoke083','2023-07-16 18:00:57','timeenjoyed','https://www.youtube.com/watch?v=aU8SmKKr0So\r','{}'),(670,'mytsypybot','2023-07-16 18:00:57','timeenjoyed','@rawoke083 your song was added to the queue: Automatically Verified\r','{}'),(671,'mytsypybot','2023-07-16 18:00:58','timeenjoyed','Now playing: ?Carda, Keeks - Need You Now?\r','{}'),(672,'trshpuppy','2023-07-16 18:01:09','timeenjoyed','u totally could!!! i think...\r','{}'),(673,'xmetrix','2023-07-16 18:01:20','timeenjoyed','@TrshPuppy  did you finish it ?\r','{}'),(674,'trshpuppy','2023-07-16 18:01:32','timeenjoyed','@xmetrix yup!\r','{}'),(675,'xmetrix','2023-07-16 18:01:45','timeenjoyed','awesome\r','{}'),(676,'trshpuppy','2023-07-16 18:01:46','timeenjoyed','the MVP at least, there is even an easter egg\r','{}'),(677,'xmetrix','2023-07-16 18:01:48','timeenjoyed','too bad its python\r','{}'),(678,'xmetrix','2023-07-16 18:01:52','timeenjoyed','otherwise i\'d try it out\r','{}'),(679,'xmetrix','2023-07-16 18:01:53','timeenjoyed','LUL\r','{}'),(680,'trshpuppy','2023-07-16 18:01:56','timeenjoyed','but there are some fun stuff we want to add\r','{}'),(681,'trshpuppy','2023-07-16 18:02:00','timeenjoyed','@xmetrix lol ikr\r','{}'),(682,'xmetrix','2023-07-16 18:02:11','timeenjoyed','like an html overlay ?\r','{}'),(683,'xmetrix','2023-07-16 18:02:19','timeenjoyed','with a potato being passed around each dom element (user)\r','{}'),(684,'trshpuppy','2023-07-16 18:02:35','timeenjoyed','no lol u psycho\r','{}'),(685,'rawoke083','2023-07-16 18:02:48','timeenjoyed','@TimeEnjoyed do you think your stream-stats (the amount you stream) going to be huge this month ?\r','{}'),(686,'ambivalentbunnie','2023-07-16 18:03:01','timeenjoyed','Lol like you @timeenjoyed ? I wear I saw you online at all times lol\r','{}'),(687,'ambivalentbunnie','2023-07-16 18:03:28','timeenjoyed','You streamed like 4 days in a row lol\r','{}'),(688,'xmetrix','2023-07-16 18:03:44','timeenjoyed','!so @TheRealKroden\r','{}'),(689,'streamelements','2023-07-16 18:03:45','timeenjoyed','Check out therealkroden over at https://www.twitch.tv/therealkroden , they are playing Software and Game Development!\r','{}'),(690,'xmetrix','2023-07-16 18:03:48','timeenjoyed','!so @FaffinABoot\r','{}'),(691,'streamelements','2023-07-16 18:03:49','timeenjoyed','Check out faffinaboot over at https://www.twitch.tv/faffinaboot , they are playing Just Chatting!\r','{}'),(692,'ambivalentbunnie','2023-07-16 18:03:49','timeenjoyed','For like many many hours lol\r','{}'),(693,'rawoke083','2023-07-16 18:04:33','timeenjoyed','You also LIVED on Discord !\r','{}'),(694,'ambivalentbunnie','2023-07-16 18:04:43','timeenjoyed','Lol @rawoke083 yes\r','{}'),(695,'ambivalentbunnie','2023-07-16 18:05:00','timeenjoyed','Lol 4am check discord time is still up\r','{}'),(696,'therealkroden','2023-07-16 18:05:01','timeenjoyed','It\'s fun to help out, just not get involved in coding deadlines ;)\r','{}'),(697,'ambivalentbunnie','2023-07-16 18:05:04','timeenjoyed','>_>\r','{}'),(698,'ambivalentbunnie','2023-07-16 18:05:12','timeenjoyed','@therealkroden lol!\r','{}'),(699,'xmetrix','2023-07-16 18:05:20','timeenjoyed','wait are you done streaming?\r','{}'),(700,'rawoke083','2023-07-16 18:05:31','timeenjoyed','@ambivalentbunnie :D 100%\r','{}'),(701,'ambivalentbunnie','2023-07-16 18:05:45','timeenjoyed','Cmgriffing is\r','{}'),(702,'faffinaboot','2023-07-16 18:05:55','timeenjoyed','What are we shouting me out for? :P\r','{}'),(703,'rawoke083','2023-07-16 18:06:09','timeenjoyed','You never going to \"done learning coding\" even  if it s  language you know. Meh :)\r','{}'),(704,'ambivalentbunnie','2023-07-16 18:06:10','timeenjoyed','@faffinaboot for being awesome\r','{}'),(705,'therealkroden','2023-07-16 18:06:16','timeenjoyed','cmgriffing wanted the \"stragglers\" category\r','{}'),(706,'faffinaboot','2023-07-16 18:06:20','timeenjoyed','ROFL, as if :P\r','{}'),(707,'ambivalentbunnie','2023-07-16 18:06:36','timeenjoyed','@therealkroden lol deadline tbd\r','{}'),(708,'faffinaboot','2023-07-16 18:06:37','timeenjoyed','.. ( \\ / ) (   •  • ) c( \'\") ( \'\")\r','{}'),(709,'ambivalentbunnie','2023-07-16 18:06:41','timeenjoyed','????\r','{}'),(710,'faffinaboot','2023-07-16 18:06:44','timeenjoyed','Doh, deconstructed bun\r','{}'),(711,'mystypy','2023-07-16 18:06:48','timeenjoyed','timeenWave\r','{}'),(712,'rawoke083','2023-07-16 18:06:48','timeenjoyed','Yes like WoodenMic !\r','{}'),(713,'rawoke083','2023-07-16 18:06:57','timeenjoyed','TheLastBit :D\r','{}'),(714,'timeenjoyed','2023-07-16 18:07:08','timeenjoyed','!discord\r','{}'),(715,'thetimebot','2023-07-16 18:07:09','timeenjoyed','https://discord.gg/timeenjoyed\r','{}'),(716,'faffinaboot','2023-07-16 18:07:09','timeenjoyed','I\'m furiously going through the team channels to poke people who might have a project :P\r','{}'),(717,'timeenjoyed','2023-07-16 18:07:12','timeenjoyed','!raid 1\r','{}'),(718,'nightbot','2023-07-16 18:07:12','timeenjoyed','<3 Time To Enjoy The Raid <3 Time To Enjoy The Raid <3 Time To Enjoy The Raid <3 Time To Enjoy The Raid <3\r','{}'),(719,'thetimebot','2023-07-16 18:07:13','timeenjoyed','<3 Time To Enjoy The Raid <3 Time To Enjoy The Raid <3 Time To Enjoy The Raid <3 Time To Enjoy The Raid <3\r','{}'),(720,'timeenjoyed','2023-07-16 18:07:20','timeenjoyed','!raid2\r','{}'),(721,'thetimebot','2023-07-16 18:07:20','timeenjoyed','timeenRaid What is the raid message? timeenRaid What is the raid message? timeenRaid What is the raid message? timeenRaid What is the raid message? timeenRaid\r','{}'),(722,'timeenjoyed','2023-07-16 18:07:27','timeenjoyed','!raid\r','{}'),(723,'thetimebot','2023-07-16 18:07:27','timeenjoyed','<3 Time To Enjoy The Raid <3 Time To Enjoy The Raid <3 Time To Enjoy The Raid <3 Time To Enjoy The Raid <3\r','{}'),(724,'nightbot','2023-07-16 18:07:28','timeenjoyed','<3 Time To Enjoy The Raid <3 Time To Enjoy The Raid <3 Time To Enjoy The Raid <3 Time To Enjoy The Raid <3\r','{}'),(725,'mystypy','2023-07-16 18:07:38','timeenjoyed','timeenRaid What is the raid message? timeenRaid What is the raid message? timeenRaid What is the raid message? timeenRaid What is the raid message? timeenRaid\r','{}'),(726,'timeenjoyed','2023-07-16 18:07:43','timeenjoyed','timeenRaid\r','{}'),(727,'timeenjoyed','2023-07-16 18:07:56','timeenjoyed','timeenRaid timeenRaid timeenRaid timeenRaid timeenRaid timeenRaid\r','{}'),(728,'ambivalentbunnie','2023-07-16 18:08:02','timeenjoyed','timeenRaid What is the raid message? timeenRaid What is the raid message? timeenRaid What is the raid message? timeenRaid What is the raid message? timeenRaid\r','{}'),(729,'freedomdao','2023-07-16 18:08:03','timeenjoyed','Ty for codejam and Fun\r','{}'),(730,'rawoke083','2023-07-16 18:08:06','timeenjoyed','I always feel like such girl posting so many emoji\'s in one go ! :S\r','{}'),(731,'emceemc2','2023-07-16 18:08:10','timeenjoyed','HeyGuys42\r','{}'),(732,'streamelements','2023-07-16 18:08:11','timeenjoyed','emceeMC2 just cheered 42 bits PogChamp\r','{}'),(733,'freedomdao','2023-07-16 18:08:18','timeenjoyed','lalaca2Nessiedance\r','{}'),(734,'streamelements','2023-07-16 18:08:35','timeenjoyed','Thank you for following jxuan24 :)\r','{}'),(735,'faffinaboot','2023-07-16 18:08:46','timeenjoyed','Raid is going\r','{}'),(736,'faffinaboot','2023-07-16 18:08:54','timeenjoyed','We\'re good. Have a great sleep Estha! You\'ve earned it\r','{}'),(737,'ambivalentbunnie','2023-07-16 18:10:01','timeenjoyed','Dope didn\'t get sent\r','{}'),(738,'timeenjoyed','2023-07-16 18:10:18','timeenjoyed',':O\r','{}'),(739,'timeenjoyed','2023-07-16 18:10:19','timeenjoyed','weird\r','{}'),(740,'streamelements','2023-07-16 18:24:31','timeenjoyed','Thank you for following daddy_milkies :)\r','{}'),(741,'streamelements','2023-07-16 19:03:53','timeenjoyed','Thank you for following Mageroth :)\r','{}'),(742,'streamelements','2023-07-16 19:05:48','timeenjoyed','Thank you for following boiled_frog_ :)\r','{}'),(743,'streamelements','2023-07-16 19:34:33','timeenjoyed','Thank you for following Ma5terViking :)\r','{}'),(744,'streamelements','2023-07-16 19:40:07','timeenjoyed','Thank you for following YOYOHEYWASSUP :)\r','{}'),(745,'xmetrix','2023-07-17 01:48:21','xmetrix','!entries\r','{}'),(746,'timeenjoyed','2023-07-17 01:48:27','xmetrix','!entries\r','{}'),(747,'timeenjoyed','2023-07-17 01:48:31','xmetrix','nice\r','{}'),(748,'timeenjoyed','2023-07-17 01:48:56','xmetrix','lul interesting\r','{}'),(749,'timeenjoyed','2023-07-17 01:49:13','xmetrix','ty for demo\r','{}'),(750,'xmetrix','2023-07-17 05:16:30','xmetrix','testr\r','{}'),(751,'trshpuppy','2023-07-17 05:16:49','xmetrix','ah dang  i tried to type tiddies in Reggie\'s chat but  i have to be a follower   for amonth\r','{}'),(752,'trshpuppy','2023-07-17 05:17:06','xmetrix','this isn\'t terrible!\r','{}'),(753,'trshpuppy','2023-07-17 05:17:10','xmetrix','can i get this?\r','{}'),(754,'trshpuppy','2023-07-17 05:18:12','xmetrix','You could probably sell this once u get it all clean and pretty\r','{}'),(755,'trshpuppy','2023-07-17 05:18:51','xmetrix','FORREAL!!\r','{}'),(756,'trshpuppy','2023-07-17 05:19:35','xmetrix','plus it\'d be good for hunting down trouble makers like whoever follow botted  me. having all these logs is game-changer\r','{}'),(757,'trshpuppy','2023-07-17 05:20:45','xmetrix','LOL!\r','{}'),(758,'trshpuppy','2023-07-17 05:21:16','xmetrix','dubbees!\r','{}'),(759,'trshpuppy','2023-07-17 05:21:41','xmetrix','u should seriously build this up and sell it\r','{}'),(760,'trshpuppy','2023-07-17 05:22:02','xmetrix','the best i have right now for grepping logs is fucking nightbot and u can\'t even search  that shit by username, it\'s useless\r','{}'),(761,'trshpuppy','2023-07-17 05:23:23','xmetrix','so the project creates  an sql database for you and it just fills  up  with logs over time?\r','{}'),(762,'trshpuppy','2023-07-17 05:23:44','xmetrix','this is like twitch tracker++\r','{}'),(763,'trshpuppy','2023-07-17 05:24:50','xmetrix','ya wtf\r','{}'),(764,'trshpuppy','2023-07-17 05:24:52','xmetrix','MAKE  THIS\r','{}'),(765,'trshpuppy','2023-07-17 05:24:57','xmetrix','this is MONEY\r','{}'),(766,'toasterwave_','2023-07-17 05:25:29','xmetrix','GOLD JERRY GOLD\r','{}'),(767,'trshpuppy','2023-07-17 05:25:30','xmetrix','oh ya u don\'t need money, i forgot LUL\r','{}'),(768,'trshpuppy','2023-07-17 05:25:57','xmetrix','does it track redeems? i need to know how much hazelnut is in my blood\r','{}'),(769,'trshpuppy','2023-07-17 05:26:12','xmetrix','@toasterwave_ ^\r','{}'),(770,'trshpuppy','2023-07-17 05:30:16','xmetrix','ohhhhh\r','{}'),(771,'trshpuppy','2023-07-17 05:30:31','xmetrix','forreeeallll\r','{}'),(772,'trshpuppy','2023-07-17 05:30:45','xmetrix','what about deleting data if it starts building up?\r','{}'),(773,'xmetrix','2023-07-17 05:30:55','xmetrix','!NEW 50 is xmetrix a n00b?\r','{}'),(774,'trshpuppy','2023-07-17 05:31:00','xmetrix','lol \"So I made it\"\r','{}'),(775,'trshpuppy','2023-07-17 05:31:30','xmetrix','sick\r','{}'),(776,'xmetrix','2023-07-17 05:31:49','xmetrix','!new 50 do i suck\r','{}'),(777,'xmetrix','2023-07-17 05:31:51','xmetrix','!yes\r','{}'),(778,'xmetrix','2023-07-17 05:31:52','xmetrix','!yes\r','{}'),(779,'xmetrix','2023-07-17 05:31:52','xmetrix','!yes\r','{}'),(780,'xmetrix','2023-07-17 05:32:25','xmetrix','!no\r','{}'),(781,'xmetrix','2023-07-17 05:32:27','xmetrix','!no\r','{}'),(782,'xmetrix','2023-07-17 05:32:27','xmetrix','!no\r','{}'),(783,'xmetrix','2023-07-17 05:32:30','xmetrix','!yes\r','{}'),(784,'xmetrix','2023-07-17 05:32:30','xmetrix','!yes\r','{}'),(785,'xmetrix','2023-07-17 05:32:31','xmetrix','!yes\r','{}'),(786,'xmetrix','2023-07-17 05:32:31','xmetrix','!yes\r','{}'),(787,'xmetrix','2023-07-17 05:32:31','xmetrix','!yes\r','{}'),(788,'xmetrix','2023-07-17 05:32:35','xmetrix','!yes\r','{}'),(789,'xmetrix','2023-07-17 05:32:36','xmetrix','!yes\r','{}'),(790,'xmetrix','2023-07-17 05:32:38','xmetrix','!yes\r','{}'),(791,'xmetrix','2023-07-17 05:32:39','xmetrix','!yes\r','{}'),(792,'trshpuppy','2023-07-17 05:33:47','xmetrix','oh shit\r','{}'),(793,'trshpuppy','2023-07-17 05:34:20','xmetrix','ya for the game\r','{}'),(794,'trshpuppy','2023-07-17 05:34:43','xmetrix','i tried to implement  ur example but my teammate pushed to main before i  could merge :(\r','{}'),(795,'trshpuppy','2023-07-17 05:35:21','xmetrix','ya do it! i don\'t care  lol\r','{}'),(796,'xmetrix','2023-07-17 05:36:21','xmetrix','next\r','{}'),(797,'xmetrix','2023-07-17 05:36:23','xmetrix','next\r','{}'),(798,'xmetrix','2023-07-17 05:36:25','xmetrix','next\r','{}'),(799,'xmetrix','2023-07-17 05:36:26','xmetrix','prev\r','{}'),(800,'xmetrix','2023-07-17 05:36:46','xmetrix','nedt\r','{}'),(801,'xmetrix','2023-07-17 05:36:47','xmetrix','next\r','{}'),(802,'xmetrix','2023-07-17 05:36:49','xmetrix','next\r','{}'),(803,'xmetrix','2023-07-17 05:36:50','xmetrix','prev\r','{}'),(804,'xmetrix','2023-07-17 05:37:19','xmetrix','next\r','{}'),(805,'xmetrix','2023-07-17 05:37:20','xmetrix','next\r','{}'),(806,'xmetrix','2023-07-17 05:37:21','xmetrix','prev\r','{}'),(807,'xmetrix','2023-07-17 05:37:25','xmetrix','next\r','{}'),(808,'xmetrix','2023-07-17 05:37:36','xmetrix','next\r','{}'),(809,'toasterwave_','2023-07-17 05:37:39','xmetrix','great song\r','{}'),(810,'trshpuppy','2023-07-17 05:39:39','xmetrix','ooh aesthetIQUE\r','{}'),(811,'trshpuppy','2023-07-17 05:41:17','xmetrix','aww its so cute!\r','{}'),(812,'trshpuppy','2023-07-17 05:42:19','xmetrix','eww\r','{}'),(813,'toasterwave_','2023-07-17 05:42:39','xmetrix','lmao\r','{}'),(814,'toasterwave_','2023-07-17 05:42:57','xmetrix','i like your vtuber\r','{}'),(815,'toasterwave_','2023-07-17 05:43:06','xmetrix','is he hunter s thompson\r','{}'),(816,'toasterwave_','2023-07-17 05:44:33','xmetrix','whats the relay for\r','{}'),(817,'toasterwave_','2023-07-17 05:46:35','xmetrix','no its 6am bro\r','{}'),(818,'trshpuppy','2023-07-17 05:47:53','xmetrix','trshpuBeg\r','{}'),(819,'toasterwave_','2023-07-17 05:47:56','xmetrix','im so sad my jam team never took off :(\r','{}'),(820,'trshpuppy','2023-07-17 05:48:09','xmetrix','did u add some  glow  to the sun or  was that mme?\r','{}'),(821,'toasterwave_','2023-07-17 05:48:29','xmetrix','a noble cause to miss the jam\r','{}'),(822,'toasterwave_','2023-07-17 05:48:51','xmetrix','how would you make a flying contact button?\r','{}'),(823,'toasterwave_','2023-07-17 05:49:08','xmetrix','like starts at the top of the page and then anchors fixed to the viewport bottom\r','{}'),(824,'toasterwave_','2023-07-17 05:50:44','xmetrix','you\'re a pro\r','{}'),(825,'toasterwave_','2023-07-17 05:52:48','xmetrix','whats your day job?\r','{}'),(826,'toasterwave_','2023-07-17 05:53:09','xmetrix','ads -____-\r','{}'),(827,'toasterwave_','2023-07-17 05:53:41','xmetrix','we back\r','{}'),(828,'toasterwave_','2023-07-17 05:54:40','xmetrix','interesting\r','{}'),(829,'xmetrix','2023-07-17 05:56:04','xmetrix','https://codepen.io/xmxstudio/pen/ExOEroR\r','{}'),(830,'trshpuppy','2023-07-17 05:57:35','xmetrix','yeet\r','{}'),(831,'trshpuppy','2023-07-17 05:58:14','xmetrix','goddamn\r','{}'),(832,'trshpuppy','2023-07-17 05:58:51','xmetrix','is codepen just frontend  languages?\r','{}'),(833,'trshpuppy','2023-07-17 05:58:55','xmetrix','U GOT A JOB!?\r','{}'),(834,'trshpuppy','2023-07-17 05:59:00','xmetrix','oh  wait lol\r','{}'),(835,'toasterwave_','2023-07-17 05:59:11','xmetrix','Payday best day\r','{}'),(836,'trshpuppy','2023-07-17 05:59:37','xmetrix','so these  are chatters  ur tracking and they\'re  all  in different chats right now probably?\r','{}'),(837,'trshpuppy','2023-07-17 06:00:04','xmetrix','oh gotcha\r','{}'),(838,'xmetrix','2023-07-17 06:00:36','xmetrix','test\r','{}'),(839,'xmetrix','2023-07-17 06:00:39','xmetrix','now\r','{}'),(840,'xmetrix','2023-07-17 06:00:40','xmetrix','it\r','{}'),(841,'xmetrix','2023-07-17 06:00:43','xmetrix','tuins\r','{}'),(842,'xmetrix','2023-07-17 06:00:43','xmetrix','red\r','{}'),(843,'xmetrix','2023-07-17 06:00:46','xmetrix','when i send msgs\r','{}'),(844,'rulerlefi','2023-07-17 06:00:46','xmetrix','hello\r','{}'),(845,'xmetrix','2023-07-17 06:00:47','xmetrix','=)\r','{}'),(846,'trshpuppy','2023-07-17 06:01:08','xmetrix','@rulerlefi yo ruler!\r','{}'),(847,'rulerlefi','2023-07-17 06:01:19','xmetrix','@rulerlefi puppy!\r','{}'),(848,'xmetrix','2023-07-17 06:01:34','xmetrix','https://github.com/xmxstudio/codejam\r','{}'),(849,'trshpuppy','2023-07-17 06:02:12','xmetrix','lol\r','{}'),(850,'rulerlefi','2023-07-17 06:02:42','xmetrix','no JS sounds like a great plan\r','{}'),(851,'xmetrix','2023-07-17 06:48:58','xmetrix','test TACO 123\r','{}');
/*!40000 ALTER TABLE `history` ENABLE KEYS */;
UNLOCK TABLES;

--
-- Table structure for table `visits`
--

DROP TABLE IF EXISTS `visits`;
/*!40101 SET @saved_cs_client     = @@character_set_client */;
/*!50503 SET character_set_client = utf8mb4 */;
CREATE TABLE `visits` (
  `id` int NOT NULL AUTO_INCREMENT,
  `username` varchar(45) DEFAULT NULL,
  `channel` varchar(45) DEFAULT NULL,
  `timestamp` datetime DEFAULT CURRENT_TIMESTAMP,
  `visitscol` varchar(45) DEFAULT NULL,
  PRIMARY KEY (`id`)
) ENGINE=InnoDB AUTO_INCREMENT=752 DEFAULT CHARSET=utf8mb4 COLLATE=utf8mb4_0900_ai_ci;
/*!40101 SET character_set_client = @saved_cs_client */;

--
-- Dumping data for table `visits`
--

LOCK TABLES `visits` WRITE;
/*!40000 ALTER TABLE `visits` DISABLE KEYS */;
INSERT INTO `visits` VALUES (1,'exiled42','constipatedcoder\r','2023-07-16 16:41:56',NULL),(2,'exiled42','exiled42\r','2023-07-16 16:41:56',NULL),(3,'exiled42','timeenjoyed\r','2023-07-16 16:41:56',NULL),(4,'exiled42','xmetrix\r','2023-07-16 16:41:56',NULL),(5,'joshwashywash','timeenjoyed\r','2023-07-16 16:42:45',NULL),(6,'xmetrix','exiled42\r','2023-07-16 16:42:45',NULL),(7,'aquafunkalisticbootywhap','xmetrix\r','2023-07-16 16:42:45',NULL),(8,'kevburnsjr','timeenjoyed\r','2023-07-16 16:43:51',NULL),(9,'unholymeow','timeenjoyed\r','2023-07-16 16:43:51',NULL),(10,'samskio','timeenjoyed\r','2023-07-16 16:43:51',NULL),(11,'zxsap0','timeenjoyed\r','2023-07-16 16:43:51',NULL),(12,'luidomota','timeenjoyed\r','2023-07-16 16:46:01',NULL),(13,'pants721','timeenjoyed\r','2023-07-16 16:46:01',NULL),(14,'emreefedogan','timeenjoyed\r','2023-07-16 16:47:01',NULL),(15,'julyl_','timeenjoyed\r','2023-07-16 16:47:01',NULL),(16,'krossy27','timeenjoyed\r','2023-07-16 16:47:01',NULL),(17,'jaxzff','timeenjoyed\r','2023-07-16 16:47:01',NULL),(18,'physbuzz','timeenjoyed\r','2023-07-16 16:47:01',NULL),(19,'pete_the_salty_baguette','timeenjoyed\r','2023-07-16 16:48:00',NULL),(20,'tayannep02','timeenjoyed\r','2023-07-16 16:48:00',NULL),(21,'rainbowshaggy','timeenjoyed\r','2023-07-16 16:48:00',NULL),(22,'amadey113','timeenjoyed\r','2023-07-16 16:48:00',NULL),(23,'zxsap0','timeenjoyed\r','2023-07-16 16:48:00',NULL),(24,'tsxgod','timeenjoyed\r','2023-07-16 16:50:10',NULL),(25,'talray_','timeenjoyed\r','2023-07-16 16:50:10',NULL),(26,'favower','timeenjoyed\r','2023-07-16 16:50:10',NULL),(27,'alertdk6000','timeenjoyed\r','2023-07-16 16:50:10',NULL),(28,'lurxx','timeenjoyed\r','2023-07-16 16:50:10',NULL),(29,'stacking','timeenjoyed\r','2023-07-16 16:50:10',NULL),(30,'l0rdev','timeenjoyed\r','2023-07-16 16:50:10',NULL),(31,'tessmoon','timeenjoyed\r','2023-07-16 16:50:10',NULL),(32,'masodul','timeenjoyed\r','2023-07-16 16:50:10',NULL),(33,'zackb0ss','timeenjoyed\r','2023-07-16 16:50:10',NULL),(34,'denistortellini','timeenjoyed\r','2023-07-16 16:51:07',NULL),(35,'jabaliciousme','timeenjoyed\r','2023-07-16 16:51:07',NULL),(36,'vemuez','timeenjoyed\r','2023-07-16 16:51:07',NULL),(37,'rawoke083','timeenjoyed\r','2023-07-16 16:53:19',NULL),(38,'vicddr','timeenjoyed\r','2023-07-16 16:53:19',NULL),(39,'black__books','timeenjoyed\r','2023-07-16 16:53:19',NULL),(40,'error_cze2001','timeenjoyed\r','2023-07-16 16:53:19',NULL),(41,'bulldogtt','timeenjoyed\r','2023-07-16 16:53:19',NULL),(42,'themanopok','timeenjoyed\r','2023-07-16 16:54:15',NULL),(43,'wizboi','timeenjoyed\r','2023-07-16 16:54:15',NULL),(44,'floflodie','timeenjoyed\r','2023-07-16 16:57:38',NULL),(45,'syncranizd','timeenjoyed\r','2023-07-16 16:57:38',NULL),(46,'jorge9372','timeenjoyed\r','2023-07-16 16:58:45',NULL),(47,'bluepinstudio','timeenjoyed\r','2023-07-16 16:58:45',NULL),(48,'freedomdao','timeenjoyed\r','2023-07-16 16:58:45',NULL),(49,'rnaffer','timeenjoyed\r','2023-07-16 16:58:45',NULL),(50,'filmingstudio','timeenjoyed\r','2023-07-16 16:59:41',NULL),(51,'elideveloper','timeenjoyed\r','2023-07-16 17:01:53',NULL),(52,'ryanbraganza','timeenjoyed\r','2023-07-16 17:02:58',NULL),(53,'rvxze','timeenjoyed\r','2023-07-16 17:04:55',NULL),(54,'magzau','timeenjoyed\r','2023-07-16 17:04:55',NULL),(55,'stormfrosty','timeenjoyed\r','2023-07-16 17:04:55',NULL),(56,'harrypotterfan15','timeenjoyed\r','2023-07-16 17:04:55',NULL),(57,'lanet_bir_insan','timeenjoyed\r','2023-07-16 17:04:55',NULL),(58,'mewiie','timeenjoyed\r','2023-07-16 17:04:55',NULL),(59,'01ella','timeenjoyed\r','2023-07-16 17:04:55',NULL),(60,'itsvodoo','timeenjoyed\r','2023-07-16 17:04:55',NULL),(61,'strager','timeenjoyed\r','2023-07-16 17:04:55',NULL),(62,'ergoreda','timeenjoyed\r','2023-07-16 17:05:54',NULL),(63,'nagathos','timeenjoyed\r','2023-07-16 17:05:54',NULL),(64,'crunchykraut','timeenjoyed\r','2023-07-16 17:05:54',NULL),(65,'s_matthew_s','timeenjoyed\r','2023-07-16 17:05:54',NULL),(66,'brett_s','timeenjoyed\r','2023-07-16 17:05:54',NULL),(67,'croww__','timeenjoyed\r','2023-07-16 17:05:54',NULL),(68,'lilgapple','timeenjoyed\r','2023-07-16 17:05:54',NULL),(69,'miaowpoe','timeenjoyed\r','2023-07-16 17:05:54',NULL),(70,'krushedgame','timeenjoyed\r','2023-07-16 17:05:54',NULL),(71,'rambo247','timeenjoyed\r','2023-07-16 17:05:54',NULL),(72,'freak_cs','timeenjoyed\r','2023-07-16 17:05:54',NULL),(73,'master0257','timeenjoyed\r','2023-07-16 17:05:54',NULL),(74,'skillbillnill','timeenjoyed\r','2023-07-16 17:05:54',NULL),(75,'littlegabs1','timeenjoyed\r','2023-07-16 17:05:54',NULL),(76,'luizotavioos','timeenjoyed\r','2023-07-16 17:05:54',NULL),(77,'probability_man','timeenjoyed\r','2023-07-16 17:05:54',NULL),(78,'slowfocus','timeenjoyed\r','2023-07-16 17:05:54',NULL),(79,'zbrow','timeenjoyed\r','2023-07-16 17:05:54',NULL),(80,'fox_maccloud','timeenjoyed\r','2023-07-16 17:05:54',NULL),(81,'corpsekombucha','timeenjoyed\r','2023-07-16 17:05:54',NULL),(82,'hpixpoke','timeenjoyed\r','2023-07-16 17:05:54',NULL),(83,'littlejaokekw','timeenjoyed\r','2023-07-16 17:05:54',NULL),(84,'rocky_coast_fog','timeenjoyed\r','2023-07-16 17:05:54',NULL),(85,'1shield','timeenjoyed\r','2023-07-16 17:05:54',NULL),(86,'romulomenezes','timeenjoyed\r','2023-07-16 17:05:54',NULL),(87,'alex75___','timeenjoyed\r','2023-07-16 17:05:54',NULL),(88,'neonrezin','timeenjoyed\r','2023-07-16 17:05:54',NULL),(89,'noorajaa','timeenjoyed\r','2023-07-16 17:05:54',NULL),(90,'joproject0911','timeenjoyed\r','2023-07-16 17:05:54',NULL),(91,'goldenlion5648','timeenjoyed\r','2023-07-16 17:05:54',NULL),(92,'deim0nd','timeenjoyed\r','2023-07-16 17:05:54',NULL),(93,'desiredstate_','timeenjoyed\r','2023-07-16 17:05:54',NULL),(94,'willlump','timeenjoyed\r','2023-07-16 17:05:54',NULL),(95,'haeristudios','timeenjoyed\r','2023-07-16 17:05:54',NULL),(96,'minilisper','timeenjoyed\r','2023-07-16 17:05:54',NULL),(97,'staccato_or_vibrato','timeenjoyed\r','2023-07-16 17:05:54',NULL),(98,'dfdx2','timeenjoyed\r','2023-07-16 17:05:54',NULL),(99,'eatsleepplo8','timeenjoyed\r','2023-07-16 17:05:54',NULL),(100,'luihggz','timeenjoyed\r','2023-07-16 17:05:54',NULL),(101,'juiceboxhero','timeenjoyed\r','2023-07-16 17:05:54',NULL),(102,'ctn04529cortana','timeenjoyed\r','2023-07-16 17:05:54',NULL),(103,'yhonatanjesus','timeenjoyed\r','2023-07-16 17:05:54',NULL),(104,'mate_amargo','timeenjoyed\r','2023-07-16 17:05:54',NULL),(105,'bandadad','timeenjoyed\r','2023-07-16 17:05:54',NULL),(106,'hellgreen','timeenjoyed\r','2023-07-16 17:05:54',NULL),(107,'hicat_pl','timeenjoyed\r','2023-07-16 17:05:54',NULL),(108,'br1br1kz','timeenjoyed\r','2023-07-16 17:05:54',NULL),(109,'lotsofnumberss','timeenjoyed\r','2023-07-16 17:05:54',NULL),(110,'fayda__','timeenjoyed\r','2023-07-16 17:05:54',NULL),(111,'emilius95','timeenjoyed\r','2023-07-16 17:05:54',NULL),(112,'rebraws','timeenjoyed\r','2023-07-16 17:05:54',NULL),(113,'playtotroll','timeenjoyed\r','2023-07-16 17:05:54',NULL),(114,'emceemc2','timeenjoyed\r','2023-07-16 17:05:54',NULL),(115,'ca2software','timeenjoyed\r','2023-07-16 17:05:54',NULL),(116,'ioki9','timeenjoyed\r','2023-07-16 17:05:54',NULL),(117,'mergrow_','timeenjoyed\r','2023-07-16 17:05:54',NULL),(118,'mango_joe_','timeenjoyed\r','2023-07-16 17:05:54',NULL),(119,'esoexile','timeenjoyed\r','2023-07-16 17:05:54',NULL),(120,'ezpi89','timeenjoyed\r','2023-07-16 17:05:54',NULL),(121,'tombyte','timeenjoyed\r','2023-07-16 17:05:54',NULL),(122,'plastico_js','timeenjoyed\r','2023-07-16 17:05:54',NULL),(123,'bento151','timeenjoyed\r','2023-07-16 17:05:54',NULL),(124,'rootbeergrizzlybear','timeenjoyed\r','2023-07-16 17:05:54',NULL),(125,'varleygg','timeenjoyed\r','2023-07-16 17:05:54',NULL),(126,'botkafaa','timeenjoyed\r','2023-07-16 17:05:54',NULL),(127,'hyoku','timeenjoyed\r','2023-07-16 17:05:54',NULL),(128,'jayromofo','timeenjoyed\r','2023-07-16 17:05:54',NULL),(129,'restarted','timeenjoyed\r','2023-07-16 17:05:54',NULL),(130,'emptygrocerybag','timeenjoyed\r','2023-07-16 17:05:54',NULL),(131,'vtcn_','timeenjoyed\r','2023-07-16 17:05:54',NULL),(132,'garrison','timeenjoyed\r','2023-07-16 17:05:54',NULL),(133,'elduderino4','timeenjoyed\r','2023-07-16 17:05:54',NULL),(134,'maiph_','timeenjoyed\r','2023-07-16 17:05:54',NULL),(135,'bermudezcristian','timeenjoyed\r','2023-07-16 17:05:54',NULL),(136,'tidewaters','timeenjoyed\r','2023-07-16 17:05:54',NULL),(137,'65h1000','timeenjoyed\r','2023-07-16 17:05:54',NULL),(138,'victor_cminus','timeenjoyed\r','2023-07-16 17:05:54',NULL),(139,'martianlonewolf','timeenjoyed\r','2023-07-16 17:05:54',NULL),(140,'4ohfournotfound','timeenjoyed\r','2023-07-16 17:05:54',NULL),(141,'sip12','timeenjoyed\r','2023-07-16 17:05:54',NULL),(142,'balltze2010','timeenjoyed\r','2023-07-16 17:05:54',NULL),(143,'stateoftheeart','timeenjoyed\r','2023-07-16 17:05:54',NULL),(144,'thelogicfan','timeenjoyed\r','2023-07-16 17:05:54',NULL),(145,'ivantopgun','timeenjoyed\r','2023-07-16 17:05:54',NULL),(146,'oecleus','timeenjoyed\r','2023-07-16 17:05:54',NULL),(147,'bepposax','timeenjoyed\r','2023-07-16 17:05:54',NULL),(148,'cupstgo','timeenjoyed\r','2023-07-16 17:05:54',NULL),(149,'lyfeu','timeenjoyed\r','2023-07-16 17:05:54',NULL),(150,'jamezzzb','timeenjoyed\r','2023-07-16 17:05:54',NULL),(151,'whhitewolff','timeenjoyed\r','2023-07-16 17:05:54',NULL),(152,'the_gaming_skulls','timeenjoyed\r','2023-07-16 17:05:54',NULL),(153,'grandehe4rt','timeenjoyed\r','2023-07-16 17:05:54',NULL),(154,'lionbyte7','timeenjoyed\r','2023-07-16 17:08:09',NULL),(155,'reignruinsit','timeenjoyed\r','2023-07-16 17:08:09',NULL),(156,'jordandiaz1988','timeenjoyed\r','2023-07-16 17:08:09',NULL),(157,'snapshot0573','timeenjoyed\r','2023-07-16 17:08:09',NULL),(158,'yuyaaah','timeenjoyed\r','2023-07-16 17:08:09',NULL),(159,'adrnlnjnky','timeenjoyed\r','2023-07-16 17:08:09',NULL),(160,'axiomofinfinity','timeenjoyed\r','2023-07-16 17:08:09',NULL),(161,'tsunasushisawada','timeenjoyed\r','2023-07-16 17:08:09',NULL),(162,'edurcdev','timeenjoyed\r','2023-07-16 17:08:09',NULL),(163,'vortexmaster_45','timeenjoyed\r','2023-07-16 17:08:09',NULL),(164,'irongrippy','timeenjoyed\r','2023-07-16 17:08:09',NULL),(165,'mezmiro2040','timeenjoyed\r','2023-07-16 17:08:09',NULL),(166,'stiifler5','timeenjoyed\r','2023-07-16 17:08:09',NULL),(167,'mannimoki','timeenjoyed\r','2023-07-16 17:08:09',NULL),(168,'muigorick','timeenjoyed\r','2023-07-16 17:08:09',NULL),(169,'shaggieh','timeenjoyed\r','2023-07-16 17:08:09',NULL),(170,'friesandketchup','timeenjoyed\r','2023-07-16 17:08:09',NULL),(171,'breadbaby_','timeenjoyed\r','2023-07-16 17:08:09',NULL),(172,'theblackzillian','timeenjoyed\r','2023-07-16 17:08:09',NULL),(173,'qdeeme','timeenjoyed\r','2023-07-16 17:08:09',NULL),(174,'bytebeagle','timeenjoyed\r','2023-07-16 17:08:09',NULL),(175,'rasec8me','timeenjoyed\r','2023-07-16 17:08:09',NULL),(176,'s4tsum4imo','timeenjoyed\r','2023-07-16 17:08:09',NULL),(177,'archydragon','timeenjoyed\r','2023-07-16 17:08:09',NULL),(178,'larsthe18th','timeenjoyed\r','2023-07-16 17:08:09',NULL),(179,'cbdbebfbgbabbb','timeenjoyed\r','2023-07-16 17:08:09',NULL),(180,'chattou','timeenjoyed\r','2023-07-16 17:08:09',NULL),(181,'lexbrah_','timeenjoyed\r','2023-07-16 17:08:09',NULL),(182,'wizboi','timeenjoyed\r','2023-07-16 17:08:09',NULL),(183,'ogprodigy','timeenjoyed\r','2023-07-16 17:08:09',NULL),(184,'skarrr1','timeenjoyed\r','2023-07-16 17:08:09',NULL),(185,'zedsdeppellin','timeenjoyed\r','2023-07-16 17:08:09',NULL),(186,'mushr00mpizza','timeenjoyed\r','2023-07-16 17:08:09',NULL),(187,'legomoses3','timeenjoyed\r','2023-07-16 17:08:09',NULL),(188,'amame72omg','timeenjoyed\r','2023-07-16 17:08:09',NULL),(189,'outtatyme','timeenjoyed\r','2023-07-16 17:09:12',NULL),(190,'laurenceontwitch','timeenjoyed\r','2023-07-16 17:09:12',NULL),(191,'2hungry2fast','timeenjoyed\r','2023-07-16 17:09:12',NULL),(192,'dommememommy','timeenjoyed\r','2023-07-16 17:09:12',NULL),(193,'double112233','timeenjoyed\r','2023-07-16 17:09:12',NULL),(194,'ianalexhart','timeenjoyed\r','2023-07-16 17:09:12',NULL),(195,'benoitmax','timeenjoyed\r','2023-07-16 17:09:12',NULL),(196,'rollerss','timeenjoyed\r','2023-07-16 17:09:12',NULL),(197,'jotape956','timeenjoyed\r','2023-07-16 17:09:12',NULL),(198,'moonpiedumplings','timeenjoyed\r','2023-07-16 17:09:12',NULL),(199,'davr0s1','timeenjoyed\r','2023-07-16 17:09:12',NULL),(200,'jwwishart','timeenjoyed\r','2023-07-16 17:10:19',NULL),(201,'saiga_0','timeenjoyed\r','2023-07-16 17:10:19',NULL),(202,'magzau','timeenjoyed\r','2023-07-16 17:12:14',NULL),(203,'theluckymage','timeenjoyed\r','2023-07-16 17:12:14',NULL),(204,'spacecowboy121','timeenjoyed\r','2023-07-16 17:12:14',NULL),(205,'mathz78','timeenjoyed\r','2023-07-16 17:13:14',NULL),(206,'sigprof','timeenjoyed\r','2023-07-16 17:13:14',NULL),(207,'tackling','timeenjoyed\r','2023-07-16 17:13:14',NULL),(208,'joshwashywash','timeenjoyed\r','2023-07-16 17:13:14',NULL),(209,'k9urvkgb6x','timeenjoyed\r','2023-07-16 17:15:21',NULL),(210,'exiled42','constipatedcoder\r','2023-07-16 17:16:40',NULL),(211,'exiled42','exiled42\r','2023-07-16 17:16:40',NULL),(212,'exiled42','timeenjoyed\r','2023-07-16 17:16:40',NULL),(213,'exiled42','xmetrix\r','2023-07-16 17:16:40',NULL),(214,'exiled42','constipatedcoder\r','2023-07-16 17:17:14',NULL),(215,'exiled42','exiled42\r','2023-07-16 17:17:14',NULL),(216,'exiled42','timeenjoyed\r','2023-07-16 17:17:14',NULL),(217,'exiled42','xmetrix\r','2023-07-16 17:17:14',NULL),(218,'tackling','timeenjoyed\r','2023-07-16 17:17:49',NULL),(219,'wietlol','timeenjoyed\r','2023-07-16 17:17:49',NULL),(220,'mageroth','timeenjoyed\r','2023-07-16 17:17:49',NULL),(221,'vicddr','timeenjoyed\r','2023-07-16 17:17:49',NULL),(222,'maria_anderson_','timeenjoyed\r','2023-07-16 17:17:49',NULL),(223,'dfdx2','timeenjoyed\r','2023-07-16 17:17:49',NULL),(224,'1v9ish','timeenjoyed\r','2023-07-16 17:17:49',NULL),(225,'ulisesqg','timeenjoyed\r','2023-07-16 17:17:49',NULL),(226,'lurxx','timeenjoyed\r','2023-07-16 17:17:49',NULL),(227,'xphoenix2933x','timeenjoyed\r','2023-07-16 17:17:49',NULL),(228,'imnot_cool','timeenjoyed\r','2023-07-16 17:17:49',NULL),(229,'bytebeagle','timeenjoyed\r','2023-07-16 17:17:49',NULL),(230,'matty_twoshoes','timeenjoyed\r','2023-07-16 17:17:49',NULL),(231,'timeenjoyed','timeenjoyed\r','2023-07-16 17:17:49',NULL),(232,'convoluted42','timeenjoyed\r','2023-07-16 17:17:49',NULL),(233,'sigprof','timeenjoyed\r','2023-07-16 17:17:49',NULL),(234,'ergoreda','timeenjoyed\r','2023-07-16 17:17:49',NULL),(235,'mushr00mpizza','timeenjoyed\r','2023-07-16 17:17:49',NULL),(236,'mytsypybot','timeenjoyed\r','2023-07-16 17:17:49',NULL),(237,'mate_amargo','timeenjoyed\r','2023-07-16 17:17:49',NULL),(238,'neutrino2211','timeenjoyed\r','2023-07-16 17:17:49',NULL),(239,'fayda__','timeenjoyed\r','2023-07-16 17:17:49',NULL),(240,'moonpiedumplings','timeenjoyed\r','2023-07-16 17:17:49',NULL),(241,'freedomdao','timeenjoyed\r','2023-07-16 17:17:49',NULL),(242,'minilisper','timeenjoyed\r','2023-07-16 17:17:49',NULL),(243,'sampie159','timeenjoyed\r','2023-07-16 17:17:49',NULL),(244,'chattou','timeenjoyed\r','2023-07-16 17:17:49',NULL),(245,'martianlonewolf','timeenjoyed\r','2023-07-16 17:17:49',NULL),(246,'vortexmaster_45','timeenjoyed\r','2023-07-16 17:17:49',NULL),(247,'theluckymage','timeenjoyed\r','2023-07-16 17:17:49',NULL),(248,'10x_programmer','timeenjoyed\r','2023-07-16 17:17:49',NULL),(249,'bachiitter','timeenjoyed\r','2023-07-16 17:17:49',NULL),(250,'unholymeow','timeenjoyed\r','2023-07-16 17:17:49',NULL),(251,'stormfrosty','timeenjoyed\r','2023-07-16 17:17:49',NULL),(252,'deim0nd','timeenjoyed\r','2023-07-16 17:17:49',NULL),(253,'fox_maccloud','timeenjoyed\r','2023-07-16 17:17:49',NULL),(254,'tarisaig','timeenjoyed\r','2023-07-16 17:17:49',NULL),(255,'ctn04529cortana','timeenjoyed\r','2023-07-16 17:17:49',NULL),(256,'rootbeergrizzlybear','timeenjoyed\r','2023-07-16 17:17:49',NULL),(257,'alex75___','timeenjoyed\r','2023-07-16 17:17:49',NULL),(258,'nightbot','timeenjoyed\r','2023-07-16 17:17:49',NULL),(259,'skillbillnill','timeenjoyed\r','2023-07-16 17:17:49',NULL),(260,'bermudezcristian','timeenjoyed\r','2023-07-16 17:17:49',NULL),(261,'anotherttvviewer','timeenjoyed\r','2023-07-16 17:17:49',NULL),(262,'laurenceontwitch','timeenjoyed\r','2023-07-16 17:17:49',NULL),(263,'dopeldev','timeenjoyed\r','2023-07-16 17:17:49',NULL),(264,'rvxze','timeenjoyed\r','2023-07-16 17:17:49',NULL),(265,'whhitewolff','timeenjoyed\r','2023-07-16 17:17:49',NULL),(266,'brett_s','timeenjoyed\r','2023-07-16 17:17:49',NULL),(267,'balltze2010','timeenjoyed\r','2023-07-16 17:17:49',NULL),(268,'imethaneh','timeenjoyed\r','2023-07-16 17:17:49',NULL),(269,'tombyte','timeenjoyed\r','2023-07-16 17:17:49',NULL),(270,'esrever01','timeenjoyed\r','2023-07-16 17:17:49',NULL),(271,'littlegabs1','timeenjoyed\r','2023-07-16 17:17:49',NULL),(272,'joproject0911','timeenjoyed\r','2023-07-16 17:17:49',NULL),(273,'littlejaokekw','timeenjoyed\r','2023-07-16 17:17:49',NULL),(274,'cbdbebfbgbabbb','timeenjoyed\r','2023-07-16 17:17:49',NULL),(275,'zedsdeppellin','timeenjoyed\r','2023-07-16 17:17:49',NULL),(276,'h_y_p_e_r','timeenjoyed\r','2023-07-16 17:17:49',NULL),(277,'thetimebot','timeenjoyed\r','2023-07-16 17:17:49',NULL),(278,'amame72omg','timeenjoyed\r','2023-07-16 17:17:49',NULL),(279,'hyoku','timeenjoyed\r','2023-07-16 17:17:49',NULL),(280,'jwwishart','timeenjoyed\r','2023-07-16 17:17:49',NULL),(281,'outtatyme','timeenjoyed\r','2023-07-16 17:17:49',NULL),(282,'stanleyhavok','timeenjoyed\r','2023-07-16 17:17:49',NULL),(283,'larsthe18th','timeenjoyed\r','2023-07-16 17:17:49',NULL),(284,'muigorick','timeenjoyed\r','2023-07-16 17:17:49',NULL),(285,'veganburrito86','timeenjoyed\r','2023-07-16 17:17:49',NULL),(286,'ca2software','timeenjoyed\r','2023-07-16 17:17:49',NULL),(287,'isilinbn','timeenjoyed\r','2023-07-16 17:17:49',NULL),(288,'roscoecat','timeenjoyed\r','2023-07-16 17:17:49',NULL),(289,'edurcdev','timeenjoyed\r','2023-07-16 17:17:49',NULL),(290,'irongrippy','timeenjoyed\r','2023-07-16 17:17:49',NULL),(291,'superlasek','timeenjoyed\r','2023-07-16 17:17:49',NULL),(292,'bepposax','timeenjoyed\r','2023-07-16 17:17:49',NULL),(293,'65h1000','timeenjoyed\r','2023-07-16 17:17:49',NULL),(294,'crankybookworm','timeenjoyed\r','2023-07-16 17:17:49',NULL),(295,'kattah','timeenjoyed\r','2023-07-16 17:17:49',NULL),(296,'zerovero_','timeenjoyed\r','2023-07-16 17:17:49',NULL),(297,'drapsnatt','timeenjoyed\r','2023-07-16 17:17:49',NULL),(298,'jaxzff','timeenjoyed\r','2023-07-16 17:17:49',NULL),(299,'stateoftheeart','timeenjoyed\r','2023-07-16 17:17:49',NULL),(300,'sery_bot','timeenjoyed\r','2023-07-16 17:17:49',NULL),(301,'thelesscoolnatertot','timeenjoyed\r','2023-07-16 17:17:49',NULL),(302,'varleygg','timeenjoyed\r','2023-07-16 17:17:49',NULL),(303,'chromerian_','timeenjoyed\r','2023-07-16 17:17:49',NULL),(304,'deus01_','timeenjoyed\r','2023-07-16 17:17:49',NULL),(305,'botkafaa','timeenjoyed\r','2023-07-16 17:17:49',NULL),(306,'s_matthew_s','timeenjoyed\r','2023-07-16 17:17:49',NULL),(307,'the_write_mood','timeenjoyed\r','2023-07-16 17:17:49',NULL),(308,'breadbaby_','timeenjoyed\r','2023-07-16 17:17:49',NULL),(309,'rawoke083','timeenjoyed\r','2023-07-16 17:17:49',NULL),(310,'star_bryte','timeenjoyed\r','2023-07-16 17:17:49',NULL),(311,'michaelpcgamer','timeenjoyed\r','2023-07-16 17:17:49',NULL),(312,'chrispnugget','timeenjoyed\r','2023-07-16 17:17:49',NULL),(313,'ezpi89','timeenjoyed\r','2023-07-16 17:17:49',NULL),(314,'willlump','timeenjoyed\r','2023-07-16 17:17:49',NULL),(315,'beerzerger','timeenjoyed\r','2023-07-16 17:17:49',NULL),(316,'davr0s1','timeenjoyed\r','2023-07-16 17:17:49',NULL),(317,'haeristudios','timeenjoyed\r','2023-07-16 17:17:49',NULL),(318,'garrison','timeenjoyed\r','2023-07-16 17:17:49',NULL),(319,'rebraws','timeenjoyed\r','2023-07-16 17:17:49',NULL),(320,'faffinaboot','timeenjoyed\r','2023-07-16 17:17:49',NULL),(321,'01ella','timeenjoyed\r','2023-07-16 17:17:49',NULL),(322,'jasont7oqk4','timeenjoyed\r','2023-07-16 17:17:49',NULL),(323,'vtcn_','timeenjoyed\r','2023-07-16 17:17:49',NULL),(324,'strager','timeenjoyed\r','2023-07-16 17:17:49',NULL),(325,'victor_cminus','timeenjoyed\r','2023-07-16 17:17:49',NULL),(326,'recursiveskeptic','timeenjoyed\r','2023-07-16 17:17:49',NULL),(327,'skarrr1','timeenjoyed\r','2023-07-16 17:17:49',NULL),(328,'snapshot0573','timeenjoyed\r','2023-07-16 17:17:49',NULL),(329,'ambivalentbunnie','timeenjoyed\r','2023-07-16 17:17:49',NULL),(330,'julyl_','timeenjoyed\r','2023-07-16 17:17:49',NULL),(331,'luihggz','timeenjoyed\r','2023-07-16 17:17:49',NULL),(332,'reignruinsit','timeenjoyed\r','2023-07-16 17:17:49',NULL),(333,'peoples923','timeenjoyed\r','2023-07-16 17:17:49',NULL),(334,'pete_the_salty_baguette','timeenjoyed\r','2023-07-16 17:17:49',NULL),(335,'jayromofo','timeenjoyed\r','2023-07-16 17:17:49',NULL),(336,'elideveloper','timeenjoyed\r','2023-07-16 17:17:49',NULL),(337,'slowfocus','timeenjoyed\r','2023-07-16 17:17:49',NULL),(338,'fm7k','timeenjoyed\r','2023-07-16 17:17:49',NULL),(339,'physbuzz','timeenjoyed\r','2023-07-16 17:17:49',NULL),(340,'temporalyx','timeenjoyed\r','2023-07-16 17:17:49',NULL),(341,'ryanbraganza','timeenjoyed\r','2023-07-16 17:17:49',NULL),(342,'leahtcodes','timeenjoyed\r','2023-07-16 17:17:49',NULL),(343,'playtotroll','timeenjoyed\r','2023-07-16 17:17:49',NULL),(344,'pursizzle','timeenjoyed\r','2023-07-16 17:17:49',NULL),(345,'ma5terviking','timeenjoyed\r','2023-07-16 17:17:49',NULL),(346,'aliceydra','timeenjoyed\r','2023-07-16 17:17:49',NULL),(347,'floflodie','timeenjoyed\r','2023-07-16 17:17:49',NULL),(348,'xmetrix','timeenjoyed\r','2023-07-16 17:17:49',NULL),(349,'adrnlnjnky','timeenjoyed\r','2023-07-16 17:17:49',NULL),(350,'yologirlio','timeenjoyed\r','2023-07-16 17:17:49',NULL),(351,'mystypy','timeenjoyed\r','2023-07-16 17:17:49',NULL),(352,'01aaliyah','timeenjoyed\r','2023-07-16 17:17:49',NULL),(353,'commanderroot','timeenjoyed\r','2023-07-16 17:17:49',NULL),(354,'krushedgame','timeenjoyed\r','2023-07-16 17:17:49',NULL),(355,'samskio','timeenjoyed\r','2023-07-16 17:17:49',NULL),(356,'noorajaa','timeenjoyed\r','2023-07-16 17:17:49',NULL),(357,'mango_joe_','timeenjoyed\r','2023-07-16 17:17:49',NULL),(358,'croww__','timeenjoyed\r','2023-07-16 17:17:49',NULL),(359,'fillmyvoid','timeenjoyed\r','2023-07-16 17:17:49',NULL),(360,'vibrantneon','timeenjoyed\r','2023-07-16 17:17:49',NULL),(361,'streamelements','timeenjoyed\r','2023-07-16 17:17:49',NULL),(362,'beholderoflight','timeenjoyed\r','2023-07-16 17:17:49',NULL),(363,'creatoratnight','timeenjoyed\r','2023-07-16 17:17:49',NULL),(364,'jordandiaz1988','timeenjoyed\r','2023-07-16 17:17:49',NULL),(365,'timetogrow_','timeenjoyed\r','2023-07-16 17:17:49',NULL),(366,'lilgapple','timeenjoyed\r','2023-07-16 17:17:49',NULL),(367,'sneekpunk','timeenjoyed\r','2023-07-16 17:17:49',NULL),(368,'miaowpoe','timeenjoyed\r','2023-07-16 17:17:49',NULL),(369,'mannimoki','timeenjoyed\r','2023-07-16 17:17:49',NULL),(370,'staccato_or_vibrato','timeenjoyed\r','2023-07-16 17:17:49',NULL),(371,'romulomenezes','timeenjoyed\r','2023-07-16 17:17:49',NULL),(372,'archydragon','timeenjoyed\r','2023-07-16 17:17:49',NULL),(373,'therealkroden','timeenjoyed\r','2023-07-16 17:17:49',NULL),(374,'yuyaaah','timeenjoyed\r','2023-07-16 17:17:49',NULL),(375,'boss_babysteel','timeenjoyed\r','2023-07-16 17:17:49',NULL),(376,'lionbyte7','timeenjoyed\r','2023-07-16 17:17:49',NULL),(377,'tsxgod','timeenjoyed\r','2023-07-16 17:17:49',NULL),(378,'mocapp','timeenjoyed\r','2023-07-16 17:17:49',NULL),(379,'stderr_dk','timeenjoyed\r','2023-07-16 17:17:49',NULL),(380,'restarted','timeenjoyed\r','2023-07-16 17:17:49',NULL),(381,'mateussilva98','timeenjoyed\r','2023-07-16 17:17:49',NULL),(382,'probability_man','timeenjoyed\r','2023-07-16 17:17:49',NULL),(383,'s4tsum4imo','timeenjoyed\r','2023-07-16 17:17:49',NULL),(384,'mezmiro2040','timeenjoyed\r','2023-07-16 17:17:49',NULL),(385,'sip12','timeenjoyed\r','2023-07-16 17:17:49',NULL),(386,'emptygrocerybag','timeenjoyed\r','2023-07-16 17:17:49',NULL),(387,'legomoses3','timeenjoyed\r','2023-07-16 17:17:49',NULL),(388,'xmetrix','exiled42\r','2023-07-16 17:17:49',NULL),(389,'alfiss','timeenjoyed\r','2023-07-16 17:18:57',NULL),(390,'lajuan789','timeenjoyed\r','2023-07-16 17:18:57',NULL),(391,'2hungry2fast','timeenjoyed\r','2023-07-16 17:18:57',NULL),(392,'emceemc2','timeenjoyed\r','2023-07-16 17:18:57',NULL),(393,'kaleaze_','timeenjoyed\r','2023-07-16 17:20:01',NULL),(394,'escape_pods_are_fake','timeenjoyed\r','2023-07-16 17:21:59',NULL),(395,'phantomon','timeenjoyed\r','2023-07-16 17:21:59',NULL),(396,'2hungry2fast','timeenjoyed\r','2023-07-16 17:21:59',NULL),(397,'zbrow','timeenjoyed\r','2023-07-16 17:21:59',NULL),(398,'peeksterr','timeenjoyed\r','2023-07-16 17:21:59',NULL),(399,'xmetrix','xmetrix\r','2023-07-16 17:21:59',NULL),(400,'magnaferox','timeenjoyed\r','2023-07-16 17:23:07',NULL),(401,'ulisesqg','timeenjoyed\r','2023-07-16 17:23:07',NULL),(402,'kordaff','timeenjoyed\r','2023-07-16 17:25:12',NULL),(403,'fritsmeister12','timeenjoyed\r','2023-07-16 17:25:12',NULL),(404,'friesandketchup','timeenjoyed\r','2023-07-16 17:25:12',NULL),(405,'0_dan_1','timeenjoyed\r','2023-07-16 17:25:12',NULL),(406,'julyl_','timeenjoyed\r','2023-07-16 17:27:14',NULL),(407,'alex803','timeenjoyed\r','2023-07-16 17:27:14',NULL),(408,'br1br1kz','timeenjoyed\r','2023-07-16 17:27:14',NULL),(409,'khimaho','timeenjoyed\r','2023-07-16 17:27:14',NULL),(410,'coderguy','timeenjoyed\r','2023-07-16 17:27:14',NULL),(411,'denistortellini','timeenjoyed\r','2023-07-16 17:27:14',NULL),(412,'themanopok','timeenjoyed\r','2023-07-16 17:27:14',NULL),(413,'littlebulli','timeenjoyed\r','2023-07-16 17:27:14',NULL),(414,'anotherttvviewer','timeenjoyed\r','2023-07-16 17:27:14',NULL),(415,'uunn90','timeenjoyed\r','2023-07-16 17:28:18',NULL),(416,'thefukhan','timeenjoyed\r','2023-07-16 17:28:18',NULL),(417,'amadey113','timeenjoyed\r','2023-07-16 17:28:18',NULL),(418,'kevins_q','timeenjoyed\r','2023-07-16 17:28:18',NULL),(419,'gaston010gv','timeenjoyed\r','2023-07-16 17:28:18',NULL),(420,'magzau','timeenjoyed\r','2023-07-16 17:28:18',NULL),(421,'trshpuppy','timeenjoyed\r','2023-07-16 17:28:18',NULL),(422,'low_dash','timeenjoyed\r','2023-07-16 17:29:20',NULL),(423,'kardi_bee','timeenjoyed\r','2023-07-16 17:29:20',NULL),(424,'mittelgeek','timeenjoyed\r','2023-07-16 17:29:20',NULL),(425,'creadyte','timeenjoyed\r','2023-07-16 17:29:20',NULL),(426,'dar_rius2','timeenjoyed\r','2023-07-16 17:29:20',NULL),(427,'peeweeslayhouse','timeenjoyed\r','2023-07-16 17:29:20',NULL),(428,'dantheskyman','timeenjoyed\r','2023-07-16 17:29:20',NULL),(429,'eliptikm','timeenjoyed\r','2023-07-16 17:29:20',NULL),(430,'cypherenigma','timeenjoyed\r','2023-07-16 17:29:20',NULL),(431,'rulerlefi','timeenjoyed\r','2023-07-16 17:29:20',NULL),(432,'taniwha3','timeenjoyed\r','2023-07-16 17:29:20',NULL),(433,'big_big8','timeenjoyed\r','2023-07-16 17:29:20',NULL),(434,'uzumemochi','timeenjoyed\r','2023-07-16 17:29:20',NULL),(435,'b7h30','timeenjoyed\r','2023-07-16 17:29:20',NULL),(436,'grayhatter_','timeenjoyed\r','2023-07-16 17:29:20',NULL),(437,'momentaryorchard','timeenjoyed\r','2023-07-16 17:31:30',NULL),(438,'mike00one','timeenjoyed\r','2023-07-16 17:31:30',NULL),(439,'joshwashywash','timeenjoyed\r','2023-07-16 17:31:30',NULL),(440,'theleansardine','timeenjoyed\r','2023-07-16 17:31:30',NULL),(441,'mathcartney','timeenjoyed\r','2023-07-16 17:31:30',NULL),(442,'wattpt','timeenjoyed\r','2023-07-16 17:31:30',NULL),(443,'sauceempire','timeenjoyed\r','2023-07-16 17:32:28',NULL),(444,'galactic__ghost','timeenjoyed\r','2023-07-16 17:32:28',NULL),(445,'itsvodoo','timeenjoyed\r','2023-07-16 17:32:28',NULL),(446,'kaleaze_','timeenjoyed\r','2023-07-16 17:32:28',NULL),(447,'lovemisaki','timeenjoyed\r','2023-07-16 17:32:28',NULL),(448,'littlebulli','timeenjoyed\r','2023-07-16 17:32:28',NULL),(449,'thefukhan','timeenjoyed\r','2023-07-16 17:32:28',NULL),(450,'lil_sharko','timeenjoyed\r','2023-07-16 17:32:28',NULL),(451,'bermingham13','timeenjoyed\r','2023-07-16 17:34:25',NULL),(452,'eliptikm','timeenjoyed\r','2023-07-16 17:34:25',NULL),(453,'directstar1','timeenjoyed\r','2023-07-16 17:34:25',NULL),(454,'mr_orangutan','timeenjoyed\r','2023-07-16 17:34:25',NULL),(455,'nyfni_na','timeenjoyed\r','2023-07-16 17:35:28',NULL),(456,'daddy_milkies','timeenjoyed\r','2023-07-16 17:35:28',NULL),(457,'jwwishart','timeenjoyed\r','2023-07-16 17:35:28',NULL),(458,'gaston010gv','timeenjoyed\r','2023-07-16 17:35:28',NULL),(459,'femipixels','timeenjoyed\r','2023-07-16 17:37:35',NULL),(460,'belgaux','timeenjoyed\r','2023-07-16 17:38:32',NULL),(461,'acerola_t','timeenjoyed\r','2023-07-16 17:38:32',NULL),(462,'crankybookworm','timeenjoyed\r','2023-07-16 17:38:32',NULL),(463,'bbdah','timeenjoyed\r','2023-07-16 17:38:32',NULL),(464,'rivotrilcomcafe','timeenjoyed\r','2023-07-16 17:40:34',NULL),(465,'2hungry2fast','timeenjoyed\r','2023-07-16 17:40:34',NULL),(466,'bermudezcristian','timeenjoyed\r','2023-07-16 17:40:34',NULL),(467,'s4tsum4imo','timeenjoyed\r','2023-07-16 17:41:35',NULL),(468,'vibranium','timeenjoyed\r','2023-07-16 17:41:35',NULL),(469,'zombiestarkilla','timeenjoyed\r','2023-07-16 17:41:35',NULL),(470,'tee0402','timeenjoyed\r','2023-07-16 17:41:35',NULL),(471,'mississippidawg','timeenjoyed\r','2023-07-16 17:41:35',NULL),(472,'davr0s1','timeenjoyed\r','2023-07-16 17:43:44',NULL),(473,'yes_and','timeenjoyed\r','2023-07-16 17:43:44',NULL),(474,'maweexy','timeenjoyed\r','2023-07-16 17:43:44',NULL),(475,'2terabytes','timeenjoyed\r','2023-07-16 17:43:44',NULL),(476,'sery_bot','timeenjoyed\r','2023-07-16 17:44:51',NULL),(477,'elideveloper','timeenjoyed\r','2023-07-16 17:44:51',NULL),(478,'rissu23','timeenjoyed\r','2023-07-16 17:45:56',NULL),(479,'whaatsuuup','timeenjoyed\r','2023-07-16 17:45:56',NULL),(480,'iam_zenith','timeenjoyed\r','2023-07-16 17:45:56',NULL),(481,'antonilz','timeenjoyed\r','2023-07-16 17:45:56',NULL),(482,'reanna_little_art_lily84','timeenjoyed\r','2023-07-16 17:45:56',NULL),(483,'dahnyol','timeenjoyed\r','2023-07-16 17:48:00',NULL),(484,'kmarada_barba','timeenjoyed\r','2023-07-16 17:49:07',NULL),(485,'munchybox1','timeenjoyed\r','2023-07-16 17:49:07',NULL),(486,'gabrielcielo','timeenjoyed\r','2023-07-16 17:49:07',NULL),(487,'madhatterxvl','timeenjoyed\r','2023-07-16 17:51:09',NULL),(488,'mg_109_','timeenjoyed\r','2023-07-16 17:51:09',NULL),(489,'mr_horologist','timeenjoyed\r','2023-07-16 17:52:07',NULL),(490,'notween','timeenjoyed\r','2023-07-16 17:52:07',NULL),(491,'illusi0nnn','timeenjoyed\r','2023-07-16 17:52:07',NULL),(492,'belgaux','timeenjoyed\r','2023-07-16 17:52:07',NULL),(493,'scooznews','timeenjoyed\r','2023-07-16 17:52:07',NULL),(494,'daneboy_','timeenjoyed\r','2023-07-16 17:52:07',NULL),(495,'abdullahtrn0','timeenjoyed\r','2023-07-16 17:54:11',NULL),(496,'koan2002','timeenjoyed\r','2023-07-16 17:54:11',NULL),(497,'laost44','timeenjoyed\r','2023-07-16 17:54:11',NULL),(498,'frantechargen','timeenjoyed\r','2023-07-16 17:54:11',NULL),(499,'nefyu','timeenjoyed\r','2023-07-16 17:55:09',NULL),(500,'totals','timeenjoyed\r','2023-07-16 17:55:09',NULL),(501,'marckrigo','timeenjoyed\r','2023-07-16 17:55:09',NULL),(502,'crankybookworm','timeenjoyed\r','2023-07-16 17:55:09',NULL),(503,'saucyofficial','timeenjoyed\r','2023-07-16 17:56:18',NULL),(504,'recursiveskeptic','timeenjoyed\r','2023-07-16 17:56:18',NULL),(505,'cozrothx','timeenjoyed\r','2023-07-16 17:56:18',NULL),(506,'avelan','timeenjoyed\r','2023-07-16 17:56:18',NULL),(507,'maweexy','timeenjoyed\r','2023-07-16 17:58:32',NULL),(508,'pilferr','timeenjoyed\r','2023-07-16 17:58:32',NULL),(509,'crankybookworm','timeenjoyed\r','2023-07-16 17:58:32',NULL),(510,'lordrsling','timeenjoyed\r','2023-07-16 17:58:32',NULL),(511,'standardrobot','timeenjoyed\r','2023-07-16 17:59:39',NULL),(512,'zedsdeppellin','timeenjoyed\r','2023-07-16 17:59:39',NULL),(513,'sim_g','timeenjoyed\r','2023-07-16 17:59:39',NULL),(514,'r4gz','timeenjoyed\r','2023-07-16 17:59:39',NULL),(515,'phyrenight','timeenjoyed\r','2023-07-16 17:59:39',NULL),(516,'3dprema','timeenjoyed\r','2023-07-16 18:00:38',NULL),(517,'fillmyvoid','timeenjoyed\r','2023-07-16 18:00:38',NULL),(518,'maria_anderson_','timeenjoyed\r','2023-07-16 18:00:38',NULL),(519,'isopon','timeenjoyed\r','2023-07-16 18:00:38',NULL),(520,'kinslay3r','timeenjoyed\r','2023-07-16 18:00:38',NULL),(521,'rolo123y2','timeenjoyed\r','2023-07-16 18:00:38',NULL),(522,'tarisaig','timeenjoyed\r','2023-07-16 18:00:38',NULL),(523,'masoud_s','timeenjoyed\r','2023-07-16 18:00:38',NULL),(524,'mac4ttack18','timeenjoyed\r','2023-07-16 18:02:42',NULL),(525,'mergrow_','timeenjoyed\r','2023-07-16 18:02:42',NULL),(526,'gordo_nast','timeenjoyed\r','2023-07-16 18:03:40',NULL),(527,'sim_g','timeenjoyed\r','2023-07-16 18:03:40',NULL),(528,'spimort','timeenjoyed\r','2023-07-16 18:04:41',NULL),(529,'chaazzie','timeenjoyed\r','2023-07-16 18:04:41',NULL),(530,'declan_cd','timeenjoyed\r','2023-07-16 18:04:41',NULL),(531,'zippy_nz','timeenjoyed\r','2023-07-16 18:06:57',NULL),(532,'kellygx','timeenjoyed\r','2023-07-16 18:06:57',NULL),(533,'anotherttvviewer','timeenjoyed\r','2023-07-16 18:06:57',NULL),(534,'designatearc','timeenjoyed\r','2023-07-16 18:06:57',NULL),(535,'rwxganta','timeenjoyed\r','2023-07-16 18:08:00',NULL),(536,'roubinser','timeenjoyed\r','2023-07-16 18:10:03',NULL),(537,'jxuan24','timeenjoyed\r','2023-07-16 18:10:03',NULL),(538,'crankybookworm','timeenjoyed\r','2023-07-16 18:10:03',NULL),(539,'riuya_','timeenjoyed\r','2023-07-16 18:10:03',NULL),(540,'joshwashywash','timeenjoyed\r','2023-07-16 18:10:03',NULL),(541,'gankstarsofficial','timeenjoyed\r','2023-07-16 18:11:03',NULL),(542,'theluckymage','timeenjoyed\r','2023-07-16 18:11:03',NULL),(543,'enosissc','timeenjoyed\r','2023-07-16 18:12:08',NULL),(544,'anotherttvviewer','timeenjoyed\r','2023-07-16 18:12:08',NULL),(545,'mageroth','timeenjoyed\r','2023-07-16 18:12:08',NULL),(546,'mateussilva98','timeenjoyed\r','2023-07-16 18:14:06',NULL),(547,'deltaarchd','timeenjoyed\r','2023-07-16 18:14:06',NULL),(548,'eliptikm','timeenjoyed\r','2023-07-16 18:17:08',NULL),(549,'01aaliyah','timeenjoyed\r','2023-07-16 18:17:08',NULL),(550,'reiahx01','timeenjoyed\r','2023-07-16 18:24:39',NULL),(551,'rvxze','timeenjoyed\r','2023-07-16 18:28:57',NULL),(552,'01ella','timeenjoyed\r','2023-07-16 18:28:57',NULL),(553,'streamelements','timeenjoyed\r','2023-07-16 18:31:00',NULL),(554,'bbdah','timeenjoyed\r','2023-07-16 18:34:07',NULL),(555,'veganburrito86','timeenjoyed\r','2023-07-16 18:35:11',NULL),(556,'marceloverethragna','timeenjoyed\r','2023-07-16 18:35:11',NULL),(557,'lycanthropic','timeenjoyed\r','2023-07-16 18:52:17',NULL),(558,'veganburrito86','timeenjoyed\r','2023-07-16 18:52:17',NULL),(559,'bbdah','timeenjoyed\r','2023-07-16 18:53:17',NULL),(560,'jasalltime','timeenjoyed\r','2023-07-16 18:58:20',NULL),(561,'veganburrito86','timeenjoyed\r','2023-07-16 19:06:44',NULL),(562,'anotherttvviewer','timeenjoyed\r','2023-07-16 19:08:40',NULL),(563,'esrever01','timeenjoyed\r','2023-07-16 19:13:52',NULL),(564,'drapsnatt','timeenjoyed\r','2023-07-16 19:13:52',NULL),(565,'tackling','timeenjoyed\r','2023-07-16 19:19:01',NULL),(566,'yuyaaah','timeenjoyed\r','2023-07-16 19:19:01',NULL),(567,'sigprof','timeenjoyed\r','2023-07-16 19:19:01',NULL),(568,'yoyoheywassup','timeenjoyed\r','2023-07-16 19:21:19',NULL),(569,'smellslikesalmon','timeenjoyed\r','2023-07-16 19:28:49',NULL),(570,'anotherttvviewer','timeenjoyed\r','2023-07-16 19:29:52',NULL),(571,'jasont7oqk4','timeenjoyed\r','2023-07-16 19:33:09',NULL),(572,'symon_redd','timeenjoyed\r','2023-07-16 19:34:12',NULL),(573,'ma5terviking','timeenjoyed\r','2023-07-16 19:36:16',NULL),(574,'rvxze','timeenjoyed\r','2023-07-16 19:42:34',NULL),(575,'01ella','timeenjoyed\r','2023-07-16 19:42:34',NULL),(576,'streamelements','timeenjoyed\r','2023-07-16 19:52:57',NULL),(577,'veganburrito86','timeenjoyed\r','2023-07-16 19:56:01',NULL),(578,'rvxze','timeenjoyed\r','2023-07-16 20:08:27',NULL),(579,'01ella','timeenjoyed\r','2023-07-16 20:08:27',NULL),(580,'timetogrow_','timeenjoyed\r','2023-07-16 20:13:49',NULL),(581,'deus01_','timeenjoyed\r','2023-07-16 20:16:00',NULL),(582,'mageroth','timeenjoyed\r','2023-07-16 20:23:22',NULL),(583,'eliptikm','timeenjoyed\r','2023-07-16 20:24:22',NULL),(584,'anotherttvviewer','timeenjoyed\r','2023-07-16 20:30:43',NULL),(585,'veganburrito86','timeenjoyed\r','2023-07-16 20:34:02',NULL),(586,'01aaliyah','timeenjoyed\r','2023-07-16 20:35:57',NULL),(587,'tsxgod','timeenjoyed\r','2023-07-16 20:41:24',NULL),(588,'veganburrito86','timeenjoyed\r','2023-07-16 20:45:35',NULL),(589,'tackling','timeenjoyed\r','2023-07-16 20:51:06',NULL),(590,'sigprof','timeenjoyed\r','2023-07-16 20:51:06',NULL),(591,'veganburrito86','timeenjoyed\r','2023-07-16 20:52:14',NULL),(592,'veganburrito86','timeenjoyed\r','2023-07-16 20:58:38',NULL),(593,'01ella','timeenjoyed\r','2023-07-16 21:01:48',NULL),(594,'rvxze','timeenjoyed\r','2023-07-16 21:01:48',NULL),(595,'rvxze','timeenjoyed\r','2023-07-16 21:04:53',NULL),(596,'01ella','timeenjoyed\r','2023-07-16 21:04:53',NULL),(597,'veganburrito86','timeenjoyed\r','2023-07-16 21:12:16',NULL),(598,'01ella','timeenjoyed\r','2023-07-16 21:16:38',NULL),(599,'rvxze','timeenjoyed\r','2023-07-16 21:16:38',NULL),(600,'veganburrito86','timeenjoyed\r','2023-07-16 21:17:43',NULL),(601,'bbdah','timeenjoyed\r','2023-07-16 21:20:53',NULL),(602,'exiled42','constipatedcoder\r','2023-07-17 01:48:18',NULL),(603,'exiled42','exiled42\r','2023-07-17 01:48:18',NULL),(604,'exiled42','timeenjoyed\r','2023-07-17 01:48:18',NULL),(605,'exiled42','trshpuppy\r','2023-07-17 01:48:18',NULL),(606,'exiled42','xmetrix\r','2023-07-17 01:48:18',NULL),(607,'exiled42','constipatedcoder\r','2023-07-17 01:48:42',NULL),(608,'exiled42','exiled42\r','2023-07-17 01:48:42',NULL),(609,'exiled42','timeenjoyed\r','2023-07-17 01:48:42',NULL),(610,'exiled42','trshpuppy\r','2023-07-17 01:48:42',NULL),(611,'exiled42','xmetrix\r','2023-07-17 01:48:42',NULL),(612,'exiled42','constipatedcoder\r','2023-07-17 01:48:45',NULL),(613,'exiled42','exiled42\r','2023-07-17 01:48:45',NULL),(614,'exiled42','timeenjoyed\r','2023-07-17 01:48:45',NULL),(615,'exiled42','trshpuppy\r','2023-07-17 01:48:45',NULL),(616,'exiled42','xmetrix\r','2023-07-17 01:48:45',NULL),(617,'exiled42','constipatedcoder\r','2023-07-17 01:48:49',NULL),(618,'exiled42','exiled42\r','2023-07-17 01:48:49',NULL),(619,'exiled42','timeenjoyed\r','2023-07-17 01:48:49',NULL),(620,'exiled42','trshpuppy\r','2023-07-17 01:48:49',NULL),(621,'exiled42','xmetrix\r','2023-07-17 01:48:49',NULL),(622,'exiled42','constipatedcoder\r','2023-07-17 01:48:53',NULL),(623,'exiled42','exiled42\r','2023-07-17 01:48:53',NULL),(624,'exiled42','timeenjoyed\r','2023-07-17 01:48:53',NULL),(625,'exiled42','trshpuppy\r','2023-07-17 01:48:53',NULL),(626,'exiled42','xmetrix\r','2023-07-17 01:48:53',NULL),(627,'exiled42','constipatedcoder\r','2023-07-17 01:48:56',NULL),(628,'exiled42','exiled42\r','2023-07-17 01:48:56',NULL),(629,'exiled42','timeenjoyed\r','2023-07-17 01:48:56',NULL),(630,'exiled42','trshpuppy\r','2023-07-17 01:48:56',NULL),(631,'exiled42','xmetrix\r','2023-07-17 01:48:56',NULL),(632,'soundalerts','trshpuppy\r','2023-07-17 01:49:43',NULL),(633,'nightbot','trshpuppy\r','2023-07-17 01:49:43',NULL),(634,'mattacusmaximus','trshpuppy\r','2023-07-17 01:49:43',NULL),(635,'nerdybiker','trshpuppy\r','2023-07-17 01:49:43',NULL),(636,'streamelements','trshpuppy\r','2023-07-17 01:49:43',NULL),(637,'klassykat','trshpuppy\r','2023-07-17 01:49:43',NULL),(638,'grayhatter_','trshpuppy\r','2023-07-17 01:49:43',NULL),(639,'kaniek_','trshpuppy\r','2023-07-17 01:49:43',NULL),(640,'commanderroot','trshpuppy\r','2023-07-17 01:49:43',NULL),(641,'drapsnatt','trshpuppy\r','2023-07-17 01:49:43',NULL),(642,'goodgirlsage','trshpuppy\r','2023-07-17 01:49:43',NULL),(643,'anotherttvviewer','trshpuppy\r','2023-07-17 01:49:43',NULL),(644,'01ella','trshpuppy\r','2023-07-17 01:49:43',NULL),(645,'stderr_dk','trshpuppy\r','2023-07-17 01:49:43',NULL),(646,'thedevlock','trshpuppy\r','2023-07-17 01:49:43',NULL),(647,'aliceydra','trshpuppy\r','2023-07-17 01:49:43',NULL),(648,'exiled42','constipatedcoder\r','2023-07-17 01:50:22',NULL),(649,'exiled42','exiled42\r','2023-07-17 01:50:22',NULL),(650,'exiled42','timeenjoyed\r','2023-07-17 01:50:22',NULL),(651,'exiled42','trshpuppy\r','2023-07-17 01:50:22',NULL),(652,'exiled42','xmetrix\r','2023-07-17 01:50:22',NULL),(653,'exiled42','constipatedcoder\r','2023-07-17 05:15:51',NULL),(654,'exiled42','exiled42\r','2023-07-17 05:15:51',NULL),(655,'exiled42','ReggieTheBug\r','2023-07-17 05:15:51',NULL),(656,'exiled42','timeenjoyed\r','2023-07-17 05:15:51',NULL),(657,'exiled42','trshpuppy\r','2023-07-17 05:15:51',NULL),(658,'exiled42','xmetrix\r','2023-07-17 05:15:51',NULL),(659,'01ella','trshpuppy\r','2023-07-17 05:17:11',NULL),(660,'exiled42','constipatedcoder\r','2023-07-17 05:18:44',NULL),(661,'exiled42','exiled42\r','2023-07-17 05:18:44',NULL),(662,'exiled42','ReggieTheBug\r','2023-07-17 05:18:44',NULL),(663,'exiled42','timeenjoyed\r','2023-07-17 05:18:44',NULL),(664,'exiled42','trshpuppy\r','2023-07-17 05:18:44',NULL),(665,'exiled42','xmetrix\r','2023-07-17 05:18:44',NULL),(666,'maria_anderson_','timeenjoyed\r','2023-07-17 05:18:57',NULL),(667,'01ella','timeenjoyed\r','2023-07-17 05:18:57',NULL),(668,'ionlywatchstudystreams','timeenjoyed\r','2023-07-17 05:18:57',NULL),(669,'anotherttvviewer','timeenjoyed\r','2023-07-17 05:18:57',NULL),(670,'nightbot','timeenjoyed\r','2023-07-17 05:18:57',NULL),(671,'sigprof','timeenjoyed\r','2023-07-17 05:18:57',NULL),(672,'leahtcodes','timeenjoyed\r','2023-07-17 05:18:57',NULL),(673,'aliceydra','timeenjoyed\r','2023-07-17 05:18:57',NULL),(674,'yologirlio','timeenjoyed\r','2023-07-17 05:18:57',NULL),(675,'zerovero_','timeenjoyed\r','2023-07-17 05:18:57',NULL),(676,'drapsnatt','timeenjoyed\r','2023-07-17 05:18:57',NULL),(677,'streamelements','timeenjoyed\r','2023-07-17 05:18:57',NULL),(678,'commanderroot','timeenjoyed\r','2023-07-17 05:18:57',NULL),(679,'mageroth','timeenjoyed\r','2023-07-17 05:18:57',NULL),(680,'esrever01','timeenjoyed\r','2023-07-17 05:18:57',NULL),(681,'samskio','timeenjoyed\r','2023-07-17 05:18:57',NULL),(682,'spofoh','xmetrix\r','2023-07-17 05:22:16',NULL),(683,'thomasbjxiqc','xmetrix\r','2023-07-17 05:22:16',NULL),(684,'toasterwave_','xmetrix\r','2023-07-17 05:26:27',NULL),(685,'01ella','timeenjoyed\r','2023-07-17 05:27:25',NULL),(686,'01olivia','xmetrix\r','2023-07-17 05:27:26',NULL),(687,'exiled42','constipatedcoder\r','2023-07-17 05:29:25',NULL),(688,'exiled42','ReggieTheBug\r','2023-07-17 05:29:25',NULL),(689,'exiled42','timeenjoyed\r','2023-07-17 05:29:25',NULL),(690,'exiled42','trshpuppy\r','2023-07-17 05:29:25',NULL),(691,'exiled42','xmetrix\r','2023-07-17 05:29:25',NULL),(692,'exiled42','constipatedcoder\r','2023-07-17 05:29:26',NULL),(693,'exiled42','ReggieTheBug\r','2023-07-17 05:29:26',NULL),(694,'exiled42','timeenjoyed\r','2023-07-17 05:29:26',NULL),(695,'exiled42','trshpuppy\r','2023-07-17 05:29:26',NULL),(696,'exiled42','xmetrix\r','2023-07-17 05:29:26',NULL),(697,'maria_anderson_','xmetrix\r','2023-07-17 05:30:15',NULL),(698,'arctlco','xmetrix\r','2023-07-17 05:30:15',NULL),(699,'ca2software','xmetrix\r','2023-07-17 05:30:15',NULL),(700,'rombie','xmetrix\r','2023-07-17 05:30:15',NULL),(701,'toasterwave_','xmetrix\r','2023-07-17 05:30:15',NULL),(702,'xmetrix','xmetrix\r','2023-07-17 05:30:15',NULL),(703,'reggiethebug','xmetrix\r','2023-07-17 05:30:15',NULL),(704,'thomasbjxiqc','xmetrix\r','2023-07-17 05:30:15',NULL),(705,'01ella','xmetrix\r','2023-07-17 05:30:15',NULL),(706,'spofoh','xmetrix\r','2023-07-17 05:30:15',NULL),(707,'trshpuppy','xmetrix\r','2023-07-17 05:30:15',NULL),(708,'7bvllet','xmetrix\r','2023-07-17 05:30:15',NULL),(709,'kattah','xmetrix\r','2023-07-17 05:30:15',NULL),(710,'01olivia','xmetrix\r','2023-07-17 05:30:15',NULL),(711,'47vres','xmetrix\r','2023-07-17 05:32:15',NULL),(712,'thedevlock','trshpuppy\r','2023-07-17 05:35:20',NULL),(713,'legobrainiac','xmetrix\r','2023-07-17 05:38:41',NULL),(714,'zkeey','xmetrix\r','2023-07-17 05:39:45',NULL),(715,'maria_anderson_','xmetrix\r','2023-07-17 05:41:57',NULL),(716,'grayhatter_','trshpuppy\r','2023-07-17 05:42:50',NULL),(717,'esrever01','timeenjoyed\r','2023-07-17 05:43:51',NULL),(718,'streamelements','trshpuppy\r','2023-07-17 05:54:00',NULL),(719,'thedevlock','trshpuppy\r','2023-07-17 05:54:00',NULL),(720,'toasterwave_','xmetrix\r','2023-07-17 05:56:23',NULL),(721,'grayhatter_','trshpuppy\r','2023-07-17 05:59:21',NULL),(722,'exiled42','constipatedcoder\r','2023-07-17 06:46:30',NULL),(723,'exiled42','ReggieTheBug\r','2023-07-17 06:46:30',NULL),(724,'exiled42','timeenjoyed\r','2023-07-17 06:46:30',NULL),(725,'exiled42','trshpuppy\r','2023-07-17 06:46:30',NULL),(726,'exiled42','xmetrix\r','2023-07-17 06:46:30',NULL),(727,'exiled42','constipatedcoder\r','2023-07-17 06:48:37',NULL),(728,'exiled42','ReggieTheBug\r','2023-07-17 06:48:37',NULL),(729,'exiled42','timeenjoyed\r','2023-07-17 06:48:37',NULL),(730,'exiled42','trshpuppy\r','2023-07-17 06:48:37',NULL),(731,'exiled42','xmetrix\r','2023-07-17 06:48:38',NULL),(732,'commanderroot','timeenjoyed\r','2023-07-17 06:49:12',NULL),(733,'yologirlio','timeenjoyed\r','2023-07-17 06:49:12',NULL),(734,'samskio','timeenjoyed\r','2023-07-17 06:49:12',NULL),(735,'drapsnatt','timeenjoyed\r','2023-07-17 06:49:12',NULL),(736,'nightbot','timeenjoyed\r','2023-07-17 06:49:12',NULL),(737,'ionlywatchstudystreams','timeenjoyed\r','2023-07-17 06:49:12',NULL),(738,'sigprof','timeenjoyed\r','2023-07-17 06:49:12',NULL),(739,'anotherttvviewer','timeenjoyed\r','2023-07-17 06:49:12',NULL),(740,'01ella','timeenjoyed\r','2023-07-17 06:49:12',NULL),(741,'maria_anderson_','timeenjoyed\r','2023-07-17 06:49:12',NULL),(742,'leahtcodes','timeenjoyed\r','2023-07-17 06:49:12',NULL),(743,'aliceydra','timeenjoyed\r','2023-07-17 06:49:12',NULL),(744,'zerovero_','timeenjoyed\r','2023-07-17 06:49:12',NULL),(745,'mageroth','timeenjoyed\r','2023-07-17 06:49:12',NULL),(746,'streamelements','timeenjoyed\r','2023-07-17 06:49:12',NULL),(747,'anotherttvviewer','trshpuppy\r','2023-07-17 06:58:47',NULL),(748,'streamelements','timeenjoyed\r','2023-07-17 06:58:47',NULL),(749,'01ella','xmetrix\r','2023-07-17 06:58:48',NULL),(750,'zkeey','xmetrix\r','2023-07-17 07:00:00',NULL),(751,'01olivia','xmetrix\r','2023-07-17 07:00:00',NULL);
/*!40000 ALTER TABLE `visits` ENABLE KEYS */;
UNLOCK TABLES;
/*!40103 SET TIME_ZONE=@OLD_TIME_ZONE */;

/*!40101 SET SQL_MODE=@OLD_SQL_MODE */;
/*!40014 SET FOREIGN_KEY_CHECKS=@OLD_FOREIGN_KEY_CHECKS */;
/*!40014 SET UNIQUE_CHECKS=@OLD_UNIQUE_CHECKS */;
/*!40101 SET CHARACTER_SET_CLIENT=@OLD_CHARACTER_SET_CLIENT */;
/*!40101 SET CHARACTER_SET_RESULTS=@OLD_CHARACTER_SET_RESULTS */;
/*!40101 SET COLLATION_CONNECTION=@OLD_COLLATION_CONNECTION */;
/*!40111 SET SQL_NOTES=@OLD_SQL_NOTES */;

-- Dump completed on 2023-07-20  1:49:48
